Workbook

Sheet Bang TH nop
A1: CÔNG TY TNHH SD TẠI THANH HOÁ
A2: Bộ phận: Bảo vệ
A5: TT | B5: Họ và tên | C5: Mã số | D5: Lương CB | E5: Mức lương | F5: Công | G5: Phép | H5: Lễ tết | I5: Học, họp | J5: Công ca 3 | K5: Thêm giờ | L5: Công không ăn | M5: Chăm hoa | N5: Khuyến công | O5: Xăng xe | P5: PC ATV | Q5: Chức vụ | R5: Chủ nhật | S5: Thâm niên
N9: =12000*(IFERROR(F9,0)+IFERROR(R9,0)+IFERROR(H9,0)) -> 0 | O9: =10000*(IFERROR(F9,0)+IFERROR(R9,0)+IFERROR(H9,0)) -> 0
N11: =12000*(IFERROR(F11,0)+IFERROR(R11,0)+IFERROR(H11,0)) -> 0 | O11: =10000*(IFERROR(F11,0)+IFERROR(R11,0)+IFERROR(H11,0)) -> 0
N13: =12000*(IFERROR(F13,0)+IFERROR(R13,0)+IFERROR(H13,0)) -> 0 | O13: =10000*(IFERROR(F13,0)+IFERROR(R13,0)+IFERROR(H13,0)) -> 0
N15: =12000*(IFERROR(F15,0)+IFERROR(R15,0)+IFERROR(H15,0)) -> 0 | O15: =10000*(IFERROR(F15,0)+IFERROR(R15,0)+IFERROR(H15,0)) -> 0
N17: =12000*(IFERROR(F17,0)+IFERROR(R17,0)+IFERROR(H17,0)) -> 0 | O17: =10000*(IFERROR(F17,0)+IFERROR(R17,0)+IFERROR(H17,0)) -> 0
N19: =12000*(IFERROR(F19,0)+IFERROR(R19,0)+IFERROR(H19,0)) -> 0 | O19: =10000*(IFERROR(F19,0)+IFERROR(R19,0)+IFERROR(H19,0)) -> 0
N21: =12000*(IFERROR(F21,0)+IFERROR(R21,0)+IFERROR(H21,0)) -> 0 | O21: =10000*(IFERROR(F21,0)+IFERROR(R21,0)+IFERROR(H21,0)) -> 0
N23: =12000*(IFERROR(F23,0)+IFERROR(R23,0)+IFERROR(H23,0)) -> 0 | O23: =10000*(IFERROR(F23,0)+IFERROR(R23,0)+IFERROR(H23,0)) -> 0
N25: =12000*(IFERROR(F25,0)+IFERROR(R25,0)+IFERROR(H25,0)) -> 0 | O25: =10000*(IFERROR(F25,0)+IFERROR(R25,0)+IFERROR(H25,0)) -> 0
N27: =12000*(IFERROR(F27,0)+IFERROR(R27,0)+IFERROR(H27,0)) -> 0 | O27: =10000*(IFERROR(F27,0)+IFERROR(R27,0)+IFERROR(H27,0)) -> 0
N29: =12000*(IFERROR(F29,0)+IFERROR(R29,0)+IFERROR(H29,0)) -> 0 | O29: =10000*(IFERROR(F29,0)+IFERROR(R29,0)+IFERROR(H29,0)) -> 0
N31: =12000*(IFERROR(F31,0)+IFERROR(R31,0)+IFERROR(H31,0)) -> 0 | O31: =10000*(IFERROR(F31,0)+IFERROR(R31,0)+IFERROR(H31,0)) -> 0
... N87: =12000*(IFERROR(F87,0)+IFERROR(R87,0)+IFERROR(H87,0)) -> 0 | O87: =10000*(IFERROR(F87,0)+IFERROR(R87,0)+IFERROR(H87,0)) -> 0
B90: Người lập
A95: Lê Thị Linh

Sheet LƯƠNG Tx
A1: CN CÔNG TY TNHH S&D TẠI THANH HOÁ
A2: Tổ: Bảo vệ | O2: BẢNG CHI TIẾT THANH TOÁN LƯƠNG
O3: Tháng 04 năm 2026
A5: Stt | B5: Họ và tên | C5: Mã số | D5: Ngày tiếp nhận / Mức lương CB | F5: Lương SP | G5: Các khoản tiền lương | N5: Các khoản hỗ trợ | U5: Tổng cộng | V5: Khấu trừ | X5: Thực lĩnh | Y5: Ký tên | Z5: Công T03 | AA5: Lương T03 | AB5: BQT03 | AC5: BQT04 | AD5: So sánh | AE5: Tổng lương thực tế
G6: Công SP | H6: Thêm giờ | I6: Phép | J6: Lễ tết | K6: Chủ nhật | L6: Ca ba | M6: Ca ba lễ tết | N6: Xăng xe | O6: Chuyên cần | P6: Đi lại | Q6: Chăm hoa | R6: Phụ cấp chức vụ+ATV | S6: Ăn ca | T6: Thưởng theo KQKD | V6: BHXH, BHYT, BHTN | W6: CĐ
A8: 1 | B8: 2 | C8: 3 | D8: 4 | G8: 5 | H8: 6 | I8: 7 | J8: 8 | K8: 9 | L8: 10 | N8: 11 | O8: 12 | P8: 13 | Q8: 14 | R8: 15 | S8: 16 | T8: 17 | U8: 18 | V8: 19 | W8: 20 | X8: 21 | Y8: 22 | Z8: 23 | AA8: 24 | AB8: 25=24/23 | AC8: 26=28/22 | AD8: 27=26/25 | AE8: 28=18-8
A9: 1 | B9: ='Bang TH nop'!B9 -> 0 | C9: ='Bang TH nop'!C9 -> 0 | G9: ='Bang TH nop'!F9 -> 0 | H9: ='Bang TH nop'!K9 -> 0 | I9: =+'Bang TH nop'!G9 -> 0 | J9: =+'Bang TH nop'!H9 -> 0 | K9: =+'Bang TH nop'!R9 -> 0 | L9: =+'Bang TH nop'!J9 -> 0 | S9: ='Bang TH nop'!L9 -> 0
D10: =+'Bang TH nop'!D9 -> 0 | F10: =+'Bang TH nop'!E9 -> 0 | G10: =IFERROR(F10/26*G9,0) -> 0 | H10: =(IFERROR(F10,0)/26/8*150%)*IFERROR(H9,0) -> 0 | I10: =IFERROR(ROUND(D10/26*I9,0),0) -> 0 | J10: =IFERROR(ROUND(F10/26*J9,0)*4,0) -> 0 | K10: =IFERROR(F10/26*K9*2,0) -> 0 | L10: =IFERROR(F10*L9/26*30%,0) -> 0 | M10: =IFERROR(F10/26*M9*60%,0) -> 0 | N10: ='Bang TH nop'!O9 -> 0 | O10: ='Bang TH nop'!N9 -> 0 | P10: =+'Bang TH nop'!S9 -> 0 | Q10: ='Bang TH nop'!M9 -> 0 | R10: =IFERROR('Bang TH nop'!Q9,0)+IFERROR('Bang TH nop'!P9,0) -> 0 | S10: =IFERROR(S9*15000,0) -> 0 | U10: {=SUM(IFERROR(G10:S10,0))} -> 0 | W10: =IFERROR(ROUND(D10*0.5%,-3),0) -> 0 | X10: =IFERROR(ROUND(U10-V10-W10,-2),0) -> 0 | Y10: =IFERROR('Bang TH nop'!F9,0)+IFERROR('Bang TH nop'!H9,0)+IFERROR('Bang TH nop'!R9,0) -> 0 | AB10: =IFERROR(AA10/Z10,0) -> 0 | AC10: =IFERROR(AE10/Y10,0) -> 0 | AD10: =IFERROR(AC10/AB10,0) -> 0 | AE10: =IFERROR(U10-J10,0) -> 0
A11: 2 | B11: ='Bang TH nop'!B11 -> 0 | C11: ='Bang TH nop'!C11 -> 0 | G11: ='Bang TH nop'!F11 -> 0 | H11: ='Bang TH nop'!K11 -> 0 | I11: =+'Bang TH nop'!G11 -> 0 | J11: =+'Bang TH nop'!H11 -> 0 | K11: =+'Bang TH nop'!R11 -> 0 | L11: =+'Bang TH nop'!J11 -> 0 | S11: ='Bang TH nop'!L11 -> 0
D12: =+'Bang TH nop'!D11 -> 0 | F12: =+'Bang TH nop'!E11 -> 0 | G12: =IFERROR(F12/26*G11,0) -> 0 | H12: =(IFERROR(F12,0)/26/8*150%)*IFERROR(H11,0) -> 0 | I12: =IFERROR(ROUND(D12/26*I11,0),0) -> 0 | J12: =IFERROR(ROUND(F12/26*J11,0)*4,0) -> 0 | K12: =IFERROR(F12/26*K11*2,0) -> 0 | L12: =IFERROR(F12*L11/26*30%,0) -> 0 | M12: =IFERROR(F12/26*M11*60%,0) -> 0 | N12: ='Bang TH nop'!O11 -> 0 | O12: ='Bang TH nop'!N11 -> 0 | P12: =+'Bang TH nop'!S11 -> 0 | Q12: ='Bang TH nop'!M11 -> 0 | R12: =IFERROR('Bang TH nop'!Q11,0)+IFERROR('Bang TH nop'!P11,0) -> 0 | S12: =IFERROR(S11*15000,0) -> 0 | U12: {=SUM(IFERROR(G12:S12,0))} -> 0 | W12: =IFERROR(ROUND(D12*0.5%,-3),0) -> 0 | X12: =IFERROR(ROUND(U12-V12-W12,-2),0) -> 0 | Y12: =IFERROR('Bang TH nop'!F11,0)+IFERROR('Bang TH nop'!H11,0)+IFERROR('Bang TH nop'!R11,0) -> 0 | AB12: =IFERROR(AA12/Z12,0) -> 0 | AC12: =IFERROR(AE12/Y12,0) -> 0 | AD12: =IFERROR(AC12/AB12,0) -> 0 | AE12: =IFERROR(U12-J12,0) -> 0
A13: 3 | B13: ='Bang TH nop'!B13 -> 0 | C13: ='Bang TH nop'!C13 -> 0 | G13: ='Bang TH nop'!F13 -> 0 | H13: ='Bang TH nop'!K13 -> 0 | I13: =+'Bang TH nop'!G13 -> 0 | J13: =+'Bang TH nop'!H13 -> 0 | K13: =+'Bang TH nop'!R13 -> 0 | L13: =+'Bang TH nop'!J13 -> 0 | S13: ='Bang TH nop'!L13 -> 0
D14: =+'Bang TH nop'!D13 -> 0 | F14: =+'Bang TH nop'!E13 -> 0 | G14: =IFERROR(F14/26*G13,0) -> 0 | H14: =(IFERROR(F14,0)/26/8*150%)*IFERROR(H13,0) -> 0 | I14: =IFERROR(ROUND(D14/26*I13,0),0) -> 0 | J14: =IFERROR(ROUND(F14/26*J13,0)*4,0) -> 0 | K14: =IFERROR(F14/26*K13*2,0) -> 0 | L14: =IFERROR(F14*L13/26*30%,0) -> 0 | M14: =IFERROR(F14/26*M13*60%,0) -> 0 | N14: ='Bang TH nop'!O13 -> 0 | O14: ='Bang TH nop'!N13 -> 0 | P14: =+'Bang TH nop'!S13 -> 0 | Q14: ='Bang TH nop'!M13 -> 0 | R14: =IFERROR('Bang TH nop'!Q13,0)+IFERROR('Bang TH nop'!P13,0) -> 0 | S14: =IFERROR(S13*15000,0) -> 0 | U14: {=SUM(IFERROR(G14:S14,0))} -> 0 | W14: =IFERROR(ROUND(D14*0.5%,-3),0) -> 0 | X14: =IFERROR(ROUND(U14-V14-W14,-2),0) -> 0 | Y14: =IFERROR('Bang TH nop'!F13,0)+IFERROR('Bang TH nop'!H13,0)+IFERROR('Bang TH nop'!R13,0) -> 0 | AB14: =IFERROR(AA14/Z14,0) -> 0 | AC14: =IFERROR(AE14/Y14,0) -> 0 | AD14: =IFERROR(AC14/AB14,0) -> 0 | AE14: =IFERROR(U14-J14,0) -> 0
A15: 4 | B15: ='Bang TH nop'!B15 -> 0 | C15: ='Bang TH nop'!C15 -> 0 | G15: ='Bang TH nop'!F15 -> 0 | H15: ='Bang TH nop'!K15 -> 0 | I15: =+'Bang TH nop'!G15 -> 0 | J15: =+'Bang TH nop'!H15 -> 0 | K15: =+'Bang TH nop'!R15 -> 0 | L15: =+'Bang TH nop'!J15 -> 0 | S15: ='Bang TH nop'!L15 -> 0
D16: =+'Bang TH nop'!D15 -> 0 | F16: =+'Bang TH nop'!E15 -> 0 | G16: =IFERROR(F16/26*G15,0) -> 0 | H16: =(IFERROR(F16,0)/26/8*150%)*IFERROR(H15,0) -> 0 | I16: =IFERROR(ROUND(D16/26*I15,0),0) -> 0 | J16: =IFERROR(ROUND(F16/26*J15,0)*4,0) -> 0 | K16: =IFERROR(F16/26*K15*2,0) -> 0 | L16: =IFERROR(F16*L15/26*30%,0) -> 0 | M16: =IFERROR(F16/26*M15*60%,0) -> 0 | N16: ='Bang TH nop'!O15 -> 0 | O16: ='Bang TH nop'!N15 -> 0 | P16: =+'Bang TH nop'!S15 -> 0 | Q16: ='Bang TH nop'!M15 -> 0 | R16: =IFERROR('Bang TH nop'!Q15,0)+IFERROR('Bang TH nop'!P15,0) -> 0 | S16: =IFERROR(S15*15000,0) -> 0 | U16: {=SUM(IFERROR(G16:S16,0))} -> 0 | W16: =IFERROR(ROUND(D16*0.5%,-3),0) -> 0 | X16: =IFERROR(ROUND(U16-V16-W16,-2),0) -> 0 | Y16: =IFERROR('Bang TH nop'!F15,0)+IFERROR('Bang TH nop'!H15,0)+IFERROR('Bang TH nop'!R15,0) -> 0 | AB16: =IFERROR(AA16/Z16,0) -> 0 | AC16: =IFERROR(AE16/Y16,0) -> 0 | AD16: =IFERROR(AC16/AB16,0) -> 0 | AE16: =IFERROR(U16-J16,0) -> 0
A17: 5 | B17: ='Bang TH nop'!B17 -> 0 | C17: ='Bang TH nop'!C17 -> 0 | G17: ='Bang TH nop'!F17 -> 0 | H17: ='Bang TH nop'!K17 -> 0 | I17: =+'Bang TH nop'!G17 -> 0 | J17: =+'Bang TH nop'!H17 -> 0 | K17: =+'Bang TH nop'!R17 -> 0 | L17: =+'Bang TH nop'!J17 -> 0 | S17: ='Bang TH nop'!L17 -> 0
D18: =+'Bang TH nop'!D17 -> 0 | F18: =+'Bang TH nop'!E17 -> 0 | G18: =IFERROR(F18/26*G17,0) -> 0 | H18: =(IFERROR(F18,0)/26/8*150%)*IFERROR(H17,0) -> 0 | I18: =IFERROR(ROUND(D18/26*I17,0),0) -> 0 | J18: =IFERROR(ROUND(F18/26*J17,0)*4,0) -> 0 | K18: =IFERROR(F18/26*K17*2,0) -> 0 | L18: =IFERROR(F18*L17/26*30%,0) -> 0 | M18: =IFERROR(F18/26*M17*60%,0) -> 0 | N18: ='Bang TH nop'!O17 -> 0 | O18: ='Bang TH nop'!N17 -> 0 | P18: =+'Bang TH nop'!S17 -> 0 | Q18: ='Bang TH nop'!M17 -> 0 | R18: =IFERROR('Bang TH nop'!Q17,0)+IFERROR('Bang TH nop'!P17,0) -> 0 | S18: =IFERROR(S17*15000,0) -> 0 | U18: {=SUM(IFERROR(G18:S18,0))} -> 0 | W18: =IFERROR(ROUND(D18*0.5%,-3),0) -> 0 | X18: =IFERROR(ROUND(U18-V18-W18,-2),0) -> 0 | Y18: =IFERROR('Bang TH nop'!F17,0)+IFERROR('Bang TH nop'!H17,0)+IFERROR('Bang TH nop'!R17,0) -> 0 | AB18: =IFERROR(AA18/Z18,0) -> 0 | AC18: =IFERROR(AE18/Y18,0) -> 0 | AD18: =IFERROR(AC18/AB18,0) -> 0 | AE18: =IFERROR(U18-J18,0) -> 0
A19: 6 | B19: ='Bang TH nop'!B19 -> 0 | C19: ='Bang TH nop'!C19 -> 0 | G19: ='Bang TH nop'!F19 -> 0 | H19: ='Bang TH nop'!K19 -> 0 | I19: =+'Bang TH nop'!G19 -> 0 | J19: =+'Bang TH nop'!H19 -> 0 | K19: =+'Bang TH nop'!R19 -> 0 | L19: =+'Bang TH nop'!J19 -> 0 | S19: ='Bang TH nop'!L19 -> 0
D20: =+'Bang TH nop'!D19 -> 0 | F20: =+'Bang TH nop'!E19 -> 0 | G20: =IFERROR(F20/26*G19,0) -> 0 | H20: =(IFERROR(F20,0)/26/8*150%)*IFERROR(H19,0) -> 0 | I20: =IFERROR(ROUND(D20/26*I19,0),0) -> 0 | J20: =IFERROR(ROUND(F20/26*J19,0)*4,0) -> 0 | K20: =IFERROR(F20/26*K19*2,0) -> 0 | L20: =IFERROR(F20*L19/26*30%,0) -> 0 | M20: =IFERROR(F20/26*M19*60%,0) -> 0 | N20: ='Bang TH nop'!O19 -> 0 | O20: ='Bang TH nop'!N19 -> 0 | P20: =+'Bang TH nop'!S19 -> 0 | Q20: ='Bang TH nop'!M19 -> 0 | R20: =IFERROR('Bang TH nop'!Q19,0)+IFERROR('Bang TH nop'!P19,0) -> 0 | S20: =IFERROR(S19*15000,0) -> 0 | U20: {=SUM(IFERROR(G20:S20,0))} -> 0 | W20: =IFERROR(ROUND(D20*0.5%,-3),0) -> 0 | X20: =IFERROR(ROUND(U20-V20-W20,-2),0) -> 0 | Y20: =IFERROR('Bang TH nop'!F19,0)+IFERROR('Bang TH nop'!H19,0)+IFERROR('Bang TH nop'!R19,0) -> 0 | AB20: =IFERROR(AA20/Z20,0) -> 0 | AC20: =IFERROR(AE20/Y20,0) -> 0 | AD20: =IFERROR(AC20/AB20,0) -> 0 | AE20: =IFERROR(U20-J20,0) -> 0
A21: 7 | B21: ='Bang TH nop'!B21 -> 0 | C21: ='Bang TH nop'!C21 -> 0 | G21: ='Bang TH nop'!F21 -> 0 | H21: ='Bang TH nop'!K21 -> 0 | I21: =+'Bang TH nop'!G21 -> 0 | J21: =+'Bang TH nop'!H21 -> 0 | K21: =+'Bang TH nop'!R21 -> 0 | L21: =+'Bang TH nop'!J21 -> 0 | S21: ='Bang TH nop'!L21 -> 0
D22: =+'Bang TH nop'!D21 -> 0 | F22: =+'Bang TH nop'!E21 -> 0 | G22: =IFERROR(F22/26*G21,0) -> 0 | H22: =(IFERROR(F22,0)/26/8*150%)*IFERROR(H21,0) -> 0 | I22: =IFERROR(ROUND(D22/26*I21,0),0) -> 0 | J22: =IFERROR(ROUND(F22/26*J21,0)*4,0) -> 0 | K22: =IFERROR(F22/26*K21*2,0) -> 0 | L22: =IFERROR(F22*L21/26*30%,0) -> 0 | M22: =IFERROR(F22/26*M21*60%,0) -> 0 | N22: ='Bang TH nop'!O21 -> 0 | O22: ='Bang TH nop'!N21 -> 0 | P22: =+'Bang TH nop'!S21 -> 0 | Q22: ='Bang TH nop'!M21 -> 0 | R22: =IFERROR('Bang TH nop'!Q21,0)+IFERROR('Bang TH nop'!P21,0) -> 0 | S22: =IFERROR(S21*15000,0) -> 0 | U22: {=SUM(IFERROR(G22:S22,0))} -> 0 | W22: =IFERROR(ROUND(D22*0.5%,-3),0) -> 0 | X22: =IFERROR(ROUND(U22-V22-W22,-2),0) -> 0 | Y22: =IFERROR('Bang TH nop'!F21,0)+IFERROR('Bang TH nop'!H21,0)+IFERROR('Bang TH nop'!R21,0) -> 0 | AB22: =IFERROR(AA22/Z22,0) -> 0 | AC22: =IFERROR(AE22/Y22,0) -> 0 | AD22: =IFERROR(AC22/AB22,0) -> 0 | AE22: =IFERROR(U22-J22,0) -> 0
K23: =+'Bang TH nop'!R23 -> 0 | L23: =+'Bang TH nop'!J23 -> 0
K24: =+F24/26*K23*2 -> 0 | L24: =F24*L23/(26)*30% -> 0 | Z24: =+IFERROR(VLOOKUP(C23,'[1]Bản gốc T10'!$C$1:$J$1000,8,0),0) -> 0 | AA24: =+IFERROR(VLOOKUP(C23,'[1]Bản gốc T10'!$C$1:$F$1000,4,0),0) -> 0
K25: =+'Bang TH nop'!R25 -> 0 | L25: =+'Bang TH nop'!J25 -> 0
K26: =+F26/26*K25*2 -> 0 | L26: =F26*L25/(26)*30% -> 0 | Z26: =+IFERROR(VLOOKUP(C25,'[1]Bản gốc T10'!$C$1:$J$1000,8,0),0) -> 0 | AA26: =+IFERROR(VLOOKUP(C25,'[1]Bản gốc T10'!$C$1:$F$1000,4,0),0) -> 0
K27: =+'Bang TH nop'!R27 -> 0 | L27: =+'Bang TH nop'!J27 -> 0
K28: =+F28/26*K27*2 -> 0 | L28: =F28*L27/(26)*30% -> 0 | Z28: =+IFERROR(VLOOKUP(C27,'[1]Bản gốc T10'!$C$1:$J$1000,8,0),0) -> 0 | AA28: =+IFERROR(VLOOKUP(C27,'[1]Bản gốc T10'!$C$1:$F$1000,4,0),0) -> 0
K29: =+'Bang TH nop'!R29 -> 0 | L29: =+'Bang TH nop'!J29 -> 0
K30: =+F30/26*K29*2 -> 0 | L30: =F30*L29/(26)*30% -> 0 | Z30: =+IFERROR(VLOOKUP(C29,'[1]Bản gốc T10'!$C$1:$J$1000,8,0),0) -> 0 | AA30: =+IFERROR(VLOOKUP(C29,'[1]Bản gốc T10'!$C$1:$F$1000,4,0),0) -> 0
K31: =+'Bang TH nop'!R31 -> 0 | L31: =+'Bang TH nop'!J31 -> 0
K32: =+F32/26*K31*2 -> 0 | L32: =F32*L31/(26)*30% -> 0 | Z32: =+IFERROR(VLOOKUP(C31,'[1]Bản gốc T10'!$C$1:$J$1000,8,0),0) -> 0 | AA32: =+IFERROR(VLOOKUP(C31,'[1]Bản gốc T10'!$C$1:$F$1000,4,0),0) -> 0
K33: =+'Bang TH nop'!R33 -> 0 | L33: =+'Bang TH nop'!J33 -> 0
K34: =+F34/26*K33*2 -> 0 | L34: =F34*L33/(26)*30% -> 0 | Z34: =+IFERROR(VLOOKUP(C33,'[1]Bản gốc T10'!$C$1:$J$1000,8,0),0) -> 0 | AA34: =+IFERROR(VLOOKUP(C33,'[1]Bản gốc T10'!$C$1:$F$1000,4,0),0) -> 0
K35: =+'Bang TH nop'!R35 -> 0 | L35: =+'Bang TH nop'!J35 -> 0
K36: =+F36/26*K35*2 -> 0 | L36: =F36*L35/(26)*30% -> 0 | Z36: =+IFERROR(VLOOKUP(C35,'[1]Bản gốc T10'!$C$1:$J$1000,8,0),0) -> 0 | AA36: =+IFERROR(VLOOKUP(C35,'[1]Bản gốc T10'!$C$1:$F$1000,4,0),0) -> 0
K37: =+'Bang TH nop'!R37 -> 0 | L37: =+'Bang TH nop'!J37 -> 0
K38: =+F38/26*K37*2 -> 0 | L38: =F38*L37/(26)*30% -> 0 | Z38: =+IFERROR(VLOOKUP(C37,'[1]Bản gốc T10'!$C$1:$J$1000,8,0),0) -> 0 | AA38: =+IFERROR(VLOOKUP(C37,'[1]Bản gốc T10'!$C$1:$F$1000,4,0),0) -> 0
K39: =+'Bang TH nop'!R39 -> 0 | L39: =+'Bang TH nop'!J39 -> 0
K40: =+F40/26*K39*2 -> 0 | L40: =F40*L39/(26)*30% -> 0 | Z40: =+IFERROR(VLOOKUP(C39,'[1]Bản gốc T10'!$C$1:$J$1000,8,0),0) -> 0 | AA40: =+IFERROR(VLOOKUP(C39,'[1]Bản gốc T10'!$C$1:$F$1000,4,0),0) -> 0
K41: =+'Bang TH nop'!R41 -> 0 | L41: =+'Bang TH nop'!J41 -> 0
K42: =+F42/26*K41*2 -> 0 | L42: =F42*L41/(26)*30% -> 0 | Z42: =+IFERROR(VLOOKUP(C41,'[1]Bản gốc T10'!$C$1:$J$1000,8,0),0) -> 0 | AA42: =+IFERROR(VLOOKUP(C41,'[1]Bản gốc T10'!$C$1:$F$1000,4,0),0) -> 0
K43: =+'Bang TH nop'!R43 -> 0 | L43: =+'Bang TH nop'!J43 -> 0
K44: =+F44/26*K43*2 -> 0 | L44: =F44*L43/(26)*30% -> 0 | Z44: =+IFERROR(VLOOKUP(C43,'[1]Bản gốc T10'!$C$1:$J$1000,8,0),0) -> 0 | AA44: =+IFERROR(VLOOKUP(C43,'[1]Bản gốc T10'!$C$1:$F$1000,4,0),0) -> 0
K45: =+'Bang TH nop'!R45 -> 0 | L45: =+'Bang TH nop'!J45 -> 0
K46: =+F46/26*K45*2 -> 0 | L46: =F46*L45/(26)*30% -> 0 | Z46: =+IFERROR(VLOOKUP(C45,'[1]Bản gốc T10'!$C$1:$J$1000,8,0),0) -> 0 | AA46: =+IFERROR(VLOOKUP(C45,'[1]Bản gốc T10'!$C$1:$F$1000,4,0),0) -> 0
K47: =+'Bang TH nop'!R47 -> 0 | L47: =+'Bang TH nop'!J47 -> 0
K48: =+F48/26*K47*2 -> 0 | L48: =F48*L47/(26)*30% -> 0 | Z48: =+IFERROR(VLOOKUP(C47,'[1]Bản gốc T10'!$C$1:$J$1000,8,0),0) -> 0 | AA48: =+IFERROR(VLOOKUP(C47,'[1]Bản gốc T10'!$C$1:$F$1000,4,0),0) -> 0
K49: =+'Bang TH nop'!R49 -> 0 | L49: =+'Bang TH nop'!J49 -> 0
K50: =+F50/26*K49*2 -> 0 | L50: =F50*L49/(26)*30% -> 0 | Z50: =+IFERROR(VLOOKUP(C49,'[1]Bản gốc T10'!$C$1:$J$1000,8,0),0) -> 0 | AA50: =+IFERROR(VLOOKUP(C49,'[1]Bản gốc T10'!$C$1:$F$1000,4,0),0) -> 0
K51: =+'Bang TH nop'!R51 -> 0 | L51: =+'Bang TH nop'!J51 -> 0
K52: =+F52/26*K51*2 -> 0 | L52: =F52*L51/(26)*30% -> 0 | Z52: =+IFERROR(VLOOKUP(C51,'[1]Bản gốc T10'!$C$1:$J$1000,8,0),0) -> 0 | AA52: =+IFERROR(VLOOKUP(C51,'[1]Bản gốc T10'!$C$1:$F$1000,4,0),0) -> 0
K53: =+'Bang TH nop'!R53 -> 0 | L53: =+'Bang TH nop'!J53 -> 0
K54: =+F54/26*K53*2 -> 0 | L54: =F54*L53/(26)*30% -> 0 | Z54: =+IFERROR(VLOOKUP(C53,'[1]Bản gốc T10'!$C$1:$J$1000,8,0),0) -> 0 | AA54: =+IFERROR(VLOOKUP(C53,'[1]Bản gốc T10'!$C$1:$F$1000,4,0),0) -> 0
K55: =+'Bang TH nop'!R55 -> 0 | L55: =+'Bang TH nop'!J55 -> 0
K56: =+F56/26*K55*2 -> 0 | L56: =F56*L55/(26)*30% -> 0 | Z56: =+IFERROR(VLOOKUP(C55,'[1]Bản gốc T10'!$C$1:$J$1000,8,0),0) -> 0 | AA56: =+IFERROR(VLOOKUP(C55,'[1]Bản gốc T10'!$C$1:$F$1000,4,0),0) -> 0
K57: =+'Bang TH nop'!R57 -> 0 | L57: =+'Bang TH nop'!J57 -> 0
K58: =+F58/26*K57*2 -> 0 | L58: =F58*L57/(26)*30% -> 0 | Z58: =+IFERROR(VLOOKUP(C57,'[1]Bản gốc T10'!$C$1:$J$1000,8,0),0) -> 0 | AA58: =+IFERROR(VLOOKUP(C57,'[1]Bản gốc T10'!$C$1:$F$1000,4,0),0) -> 0
K59: =+'Bang TH nop'!R59 -> 0 | L59: =+'Bang TH nop'!J59 -> 0
K60: =+F60/26*K59*2 -> 0 | L60: =F60*L59/(26)*30% -> 0 | Z60: =+IFERROR(VLOOKUP(C59,'[1]Bản gốc T10'!$C$1:$J$1000,8,0),0) -> 0 | AA60: =+IFERROR(VLOOKUP(C59,'[1]Bản gốc T10'!$C$1:$F$1000,4,0),0) -> 0
K61: =+'Bang TH nop'!R61 -> 0 | L61: =+'Bang TH nop'!J61 -> 0
K62: =+F62/26*K61*2 -> 0 | L62: =F62*L61/(26)*30% -> 0 | Z62: =+IFERROR(VLOOKUP(C61,'[1]Bản gốc T10'!$C$1:$J$1000,8,0),0) -> 0 | AA62: =+IFERROR(VLOOKUP(C61,'[1]Bản gốc T10'!$C$1:$F$1000,4,0),0) -> 0
K63: =+'Bang TH nop'!R63 -> 0 | L63: =+'Bang TH nop'!J63 -> 0
K64: =+F64/26*K63*2 -> 0 | L64: =F64*L63/(26)*30% -> 0 | Z64: =+IFERROR(VLOOKUP(C63,'[1]Bản gốc T10'!$C$1:$J$1000,8,0),0) -> 0 | AA64: =+IFERROR(VLOOKUP(C63,'[1]Bản gốc T10'!$C$1:$F$1000,4,0),0) -> 0
K65: =+'Bang TH nop'!R65 -> 0 | L65: =+'Bang TH nop'!J65 -> 0
K66: =+F66/26*K65*2 -> 0 | L66: =F66*L65/(26)*30% -> 0 | Z66: =+IFERROR(VLOOKUP(C65,'[1]Bản gốc T10'!$C$1:$J$1000,8,0),0) -> 0 | AA66: =+IFERROR(VLOOKUP(C65,'[1]Bản gốc T10'!$C$1:$F$1000,4,0),0) -> 0
B67: Cộng | G67: {=SUMPRODUCT((MOD(ROW(G9:G51),2)=1)*IFERROR(G9:G51,0))} -> 0 | H67: {=SUMPRODUCT((MOD(ROW(H9:H51),2)=1)*IFERROR(H9:H51,0))} -> 0 | I67: {=SUMPRODUCT((MOD(ROW(I9:I51),2)=1)*IFERROR(I9:I51,0))} -> 0 | J67: {=SUMPRODUCT((MOD(ROW(J9:J51),2)=1)*IFERROR(J9:J51,0))} -> 0 | K67: {=SUMPRODUCT((MOD(ROW(K9:K51),2)=1)*IFERROR(K9:K51,0))} -> 0 | L67: {=SUMPRODUCT((MOD(ROW(L9:L51),2)=1)*IFERROR(L9:L51,0))} -> 0 | M67: {=SUMPRODUCT((MOD(ROW(M9:M51),2)=1)*IFERROR(M9:M51,0))} -> 0 | N67: {=SUMPRODUCT((MOD(ROW(N9:N51),2)=1)*IFERROR(N9:N51,0))} -> 0 | ... Y67: {=SUMPRODUCT((MOD(ROW(Y9:Y51),2)=1)*IFERROR(Y9:Y51,0))} -> 0
G68: {=SUMPRODUCT((MOD(ROW(G10:G52),2)=0)*IFERROR(G10:G52,0))} -> 0 | H68: {=SUMPRODUCT((MOD(ROW(H10:H52),2)=0)*IFERROR(H10:H52,0))} -> 0 | I68: {=SUMPRODUCT((MOD(ROW(I10:I52),2)=0)*IFERROR(I10:I52,0))} -> 0 | J68: {=SUMPRODUCT((MOD(ROW(J10:J52),2)=0)*IFERROR(J10:J52,0))} -> 0 | K68: {=SUMPRODUCT((MOD(ROW(K10:K52),2)=0)*IFERROR(K10:K52,0))} -> 0 | L68: {=SUMPRODUCT((MOD(ROW(L10:L52),2)=0)*IFERROR(L10:L52,0))} -> 0 | M68: {=SUMPRODUCT((MOD(ROW(M10:M52),2)=0)*IFERROR(M10:M52,0))} -> 0 | N68: {=SUMPRODUCT((MOD(ROW(N10:N52),2)=0)*IFERROR(N10:N52,0))} -> 0 | ... Y68: {=SUMPRODUCT((MOD(ROW(Y10:Y52),2)=0)*IFERROR(Y10:Y52,0))} -> 0 | Z68: =IFERROR(U68/Y68*26,0) -> 0 | AA68: =IFERROR(AE68/Y68*26,0) -> 0 | AE68: {=SUMPRODUCT((MOD(ROW(AE10:AE52),2)=0)*IFERROR(AE10:AE52,0))} -> 0
D69: =D9+D11+D13+D15+D17+D19+D21+D23+D25+D27+D29+D31+D33+D35+D37+D3 -> 0 | E69: =E9+E11+E13+E15+E17+E19+E21+E23+E25+E27+E29+E31+E33+E35+E37+E3 -> 0 | G69: =G9+G11+G13+G15+G17+G19+G21+G23+G25+G27+G29+G31+G33+G35+G37+G3 -> 0 | H69: =H9+H11+H13+H15+H17+H19+H21+H23+H25+H27+H29+H31+H33+H35+H37+H3 -> 0 | I69: =I9+I11+I13+I15+I17+I19+I21+I23+I25+I27+I29+I31+I33+I35+I37+I3 -> 0 | J69: =J9+J11+J13+J15+J17+J19+J21+J23+J25+J27+J29+J31+J33+J35+J37+J3 -> 0 | K69: =K9+K11+K13+K15+K17+K19+K21+K23+K25+K27+K29+K31+K33+K35+K37+K3 -> 0 | L69: =L9+L11+L13+L15+L17+L19+L21+L23+L25+L27+L29+L31+L33+L35+L37+L3 -> 0 | N69: =N9+N11+N13+N15+N17+N19+N21+N23+N25+N27+N29+N31+N33+N35+N37+N3 -> 0 | O69: =O9+O11+O13+O15+O17+O19+O21+O23+O25+O27+O29+O31+O33+O35+O37+O3 -> #VALUE! | P69: =P9+P11+P13+P15+P17+P19+P21+P23+P25+P27+P29+P31+P33+P35+P37+P3 -> 0 | Q69: =Q9+Q11+Q13+Q15+Q17+Q19+Q21+Q23+Q25+Q27+Q29+Q31+Q33+Q35+Q37+Q3 -> 0 | R69: =R9+R11+R13+R15+R17+R19+R21+R23+R25+R27+R29+R31+R33+R35+R37+R3 -> 0 | S69: =S9+S11+S13+S15+S17+S19+S21+S23+S25+S27+S29+S31+S33+S35+S37+S3 -> 0 | U69: =U9+U11+U13+U15+U17+U19+U21+U23+U25+U27+U29+U31+U33+U35+U37+U3 -> 0 | V69: =V9+V11+V13+V15+V17+V19+V21+V23+V25+V27+V29+V31+V33+V35+V37+V3 -> 0 | W69: =W9+W11+W13+W15+W17+W19+W21+W23+W25+W27+W29+W31+W33+W35+W37+W3 -> 0 | X69: =X9+X11+X13+X15+X17+X19+X21+X23+X25+X27+X29+X31+X33+X35+X37+X3 -> 0 | Y69: =Y9+Y11+Y13+Y15+Y17+Y19+Y21+Y23+Y25+Y27+Y29+Y31+Y33+Y35+Y37+Y3 -> 0
D70: =D10+D12+D14+D16+D18+D20+D22+D24+D26+D28+D30+D32+D34+D36+D38+D4 -> 0 | E70: =E10+E12+E14+E16+E18+E20+E22+E24+E26+E28+E30+E32+E34+E36+E38+E4 -> 0 | G70: =G10+G12+G14+G16+G18+G20+G22+G24+G26+G28+G30+G32+G34+G36+G38+G4 -> 0 | H70: =H10+H12+H14+H16+H18+H20+H22+H24+H26+H28+H30+H32+H34+H36+H38+H4 -> 0 | I70: =I10+I12+I14+I16+I18+I20+I22+I24+I26+I28+I30+I32+I34+I36+I38+I4 -> 0 | J70: =J10+J12+J14+J16+J18+J20+J22+J24+J26+J28+J30+J32+J34+J36+J38+J4 -> 0 | K70: =K10+K12+K14+K16+K18+K20+K22+K24+K26+K28+K30+K32+K34+K36+K38+K4 -> 0 | L70: =L10+L12+L14+L16+L18+L20+L22+L24+L26+L28+L30+L32+L34+L36+L38+L4 -> 0 | N70: =N10+N12+N14+N16+N18+N20+N22+N24+N26+N28+N30+N32+N34+N36+N38+N4 -> 0 | O70: =O10+O12+O14+O16+O18+O20+O22+O24+O26+O28+O30+O32+O34+O36+O38+O4 -> 0 | P70: =P10+P12+P14+P16+P18+P20+P22+P24+P26+P28+P30+P32+P34+P36+P38+P4 -> 0 | Q70: =Q10+Q12+Q14+Q16+Q18+Q20+Q22+Q24+Q26+Q28+Q30+Q32+Q34+Q36+Q38+Q4 -> 0 | R70: =R10+R12+R14+R16+R18+R20+R22+R24+R26+R28+R30+R32+R34+R36+R38+R4 -> 0 | S70: =S10+S12+S14+S16+S18+S20+S22+S24+S26+S28+S30+S32+S34+S36+S38+S4 -> 0 | U70: =U10+U12+U14+U16+U18+U20+U22+U24+U26+U28+U30+U32+U34+U36+U38+U4 -> 0 | V70: =V10+V12+V14+V16+V18+V20+V22+V24+V26+V28+V30+V32+V34+V36+V38+V4 -> 0 | W70: =W10+W12+W14+W16+W18+W20+W22+W24+W26+W28+W30+W32+W34+W36+W38+W4 -> 0 | X70: =X10+X12+X14+X16+X18+X20+X22+X24+X26+X28+X30+X32+X34+X36+X38+X4 -> 0 | Y70: =Y10+Y12+Y14+Y16+Y18+Y20+Y22+Y24+Y26+Y28+Y30+Y32+Y34+Y36+Y38+Y40+Y42+Y44+Y46+Y48+Y50+Y52+Y54+Y56+Y58+Y60+Y62 -> 0
Z71: =IFERROR(Z68/26,0) -> 0 | AA71: =IFERROR(AA68/26,0) -> 0
D74: Bằng chữ: | K74: {=+_xll.VND(X68)} -> #NAME?
S75: Ngày 15 tháng 05 năm 2026
B76: Lập biểu | U76: Phụ trách đơn vị
B80: Lê Thị Linh | U80: Lê Văn Bắc
B121: l­¬ng 1 giê
B122: L­¬ng SP
B123: =700*38/100 -> 266
