Workbook
Name TaxTV: 10%
Name TaxXL: 5%

Sheet 00000000

Sheet 10000000

Sheet Tong hop cac ma
A1: CN CÔNG TY TNHH S&D TẠI THANH HOÁ
A2: BẢNG TỔNG HỢP GIÂY THÁNG 03/2026 - TỔ
A4: STT | B4: Họ và tên | C4: Mã số | R4: PC mã hàng | S4: Tổng giây | T4: Ký nhận
A9: 1 | D9: =xxx!D9 -> 0 | R9: {=+SUMPRODUCT(D9:Q9*$D$3:$Q$3)} -> 0 | S9: =SUM(D9:R9) -> 0
A11: 2 | D11: =xxx!D11 -> 0 | R11: {=+SUMPRODUCT(D11:Q11*$D$3:$Q$3)} -> 0 | S11: =SUM(D11:R11) -> 0
A13: 3 | D13: =xxx!D13 -> 0 | R13: {=+SUMPRODUCT(D13:Q13*$D$3:$Q$3)} -> 0 | S13: =SUM(D13:R13) -> 0
A15: 4 | D15: =xxx!D15 -> 0 | R15: {=+SUMPRODUCT(D15:Q15*$D$3:$Q$3)} -> 0 | S15: =SUM(D15:R15) -> 0
A17: 5 | D17: =xxx!D17 -> 0 | R17: {=+SUMPRODUCT(D17:Q17*$D$3:$Q$3)} -> 0 | S17: =SUM(D17:R17) -> 0
A19: 6 | D19: =xxx!D19 -> 0 | R19: {=+SUMPRODUCT(D19:Q19*$D$3:$Q$3)} -> 0 | S19: =SUM(D19:R19) -> 0
A21: 7 | D21: =xxx!D21 -> 0 | R21: {=+SUMPRODUCT(D21:Q21*$D$3:$Q$3)} -> 0 | S21: =SUM(D21:R21) -> 0
A23: 8 | D23: =xxx!D23 -> 0 | R23: {=+SUMPRODUCT(D23:Q23*$D$3:$Q$3)} -> 0 | S23: =SUM(D23:R23) -> 0
A25: 9 | D25: =xxx!D25 -> 0 | R25: {=+SUMPRODUCT(D25:Q25*$D$3:$Q$3)} -> 0 | S25: =SUM(D25:R25) -> 0
A27: 10 | D27: =xxx!D27 -> 0 | R27: {=+SUMPRODUCT(D27:Q27*$D$3:$Q$3)} -> 0 | S27: =SUM(D27:R27) -> 0
A29: 11 | D29: =xxx!D29 -> 0 | R29: {=+SUMPRODUCT(D29:Q29*$D$3:$Q$3)} -> 0 | S29: =SUM(D29:R29) -> 0
A31: 12 | D31: =xxx!D31 -> 0 | R31: {=+SUMPRODUCT(D31:Q31*$D$3:$Q$3)} -> 0 | S31: =SUM(D31:R31) -> 0
... A223: 108 | D223: =xxx!D223 -> 0 | R223: {=+SUMPRODUCT(D223:Q223*$D$3:$Q$3)} -> 0 | S223: =SUM(D223:R223) -> 0

Sheet Bang TH nop
A1: CN CÔNG TY TNHH S&D TẠI THANH HOÁ
A2: BẢNG TỔNG HỢP GIÂY THÁNG 03/2026- TỔ
K3: A | M3: B | O3: C | W3: 0
A4: TT | B4: Họ và tên | C4: Mã số | D4: Công LĐ | E4: Giây | F4: Tổ 1 | G4: Tổ 2 | H4: Tổ 3 | I4: Tổ 4 | J4: Tổ 5 | K4: Tổ 6 | L4: Tổ 7 | M4: Tổ 8 | N4: Tổ 9 | O4: Tổ 10 | P4: Tổ 11 | Q4: Tổ 12 | R4: Là TP | S4: Kiểm hoá | T4: Cơ động | U4: Cắt | V4: Hoàn thiện | W4: Tái chế | AD4: Giây PS làm thêm ngày…giờ.. | AE4: Nhóm trưởng | AF4: 20% Đ Đ | AG4: Giây phát sinh | AH4: Phân loại lđ | AI4: Giây phụ cấp ngày công 130 | AJ4: Tổng giây | AK4: ĐĐ | AL4: Tổng giây | AM4: Ký nhận | AN4: BQ giây | AO4: Ngày vào | AP4: Mức lương | AQ4: Công | AR4: Phép | AS4: Lễ tết | AT4: Học, họp | AU4: Thai 7 tháng+Con nhỏ | AV4: Thêm giờ | AW4: Tiền con nhỏ | AX4: Giờ kinh nguyệt | AY4: Giờ nghỉ ngắn | AZ4: KN+NN | BA4: Hệ số NN | BB4: Công sản phẩm | BC4: Khuyến công | BD4: Xăng xe | BE4: Vắt sữa | BF4: Chủ nhật | BG4: Trừ tiền phân loại | BH4: ATV | BI4: Khám sức khỏe | BJ4: Thâm niên
AL5: =AJ5+AJ5*AK5% -> 0 | AN5: =AL5-AJ5 -> 0
A9: 1 | B9: ='Tong hop cac ma'!B9 -> 0 | C9: ='Tong hop cac ma'!C9 -> 0 | D9: =AQ9 -> 0 | E9: =+'Tong hop cac ma'!S9 -> 0 | AF9: =IFERROR(SUM(F9:AC9)*0.2,0) -> 0 | AH9: A | AI9: =IFERROR(130*D9,0) -> 0 | AJ9: {=IFERROR(SUM(_xlfn._xlws.FILTER(E9:AI9,ISNUMBER(E9:AI9))),0)} -> 0 | AL9: =IFERROR(AJ9*(1+AK9%),0) -> 0 | AN9: =IFERROR(SUM(E9:AC9)/D9,0) -> 0 | AY9: =IFERROR((AQ9*20)/60,0) -> 0 | AZ9: =IFERROR(AX9 + AY9 + BI9,0) -> 0 | BA9: =IFERROR(AZ9/8,0) -> 0 | BB9: =IFERROR(MAX(AQ9-BA9,0),0) -> 0 | BD9: =IFERROR(10000*D9,0) -> 0 | BG9: =IFERROR(-IF(AH9=$K$3,0,IF(AH9=$M$3,15*680*D9,IF(AH9=$O$3,30*680*D9,IF(AH9=0,50*680*D9,0)))),0) -> 0
B10: ='Tong hop cac ma'!B10 -> 0 | C10: ='Tong hop cac ma'!C10 -> 0 | D10: =AQ10 -> 0
A11: 2 | B11: ='Tong hop cac ma'!B11 -> 0 | C11: ='Tong hop cac ma'!C11 -> 0 | D11: =AQ11 -> 0 | E11: =+'Tong hop cac ma'!S11 -> 0 | AF11: =IFERROR(SUM(F11:AC11)*0.2,0) -> 0 | AH11: A | AI11: =IFERROR(130*D11,0) -> 0 | AJ11: {=IFERROR(SUM(_xlfn._xlws.FILTER(E11:AI11,ISNUMBER(E11:AI11))),0)} -> 0 | AL11: =IFERROR(AJ11*(1+AK11%),0) -> 0 | AN11: =IFERROR(SUM(E11:AC11)/D11,0) -> 0 | AY11: =IFERROR((AQ11*20)/60,0) -> 0 | AZ11: =IFERROR(AX11 + AY11 + BI11,0) -> 0 | BA11: =IFERROR(AZ11/8,0) -> 0 | BB11: =IFERROR(MAX(AQ11-BA11,0),0) -> 0 | BD11: =IFERROR(10000*D11,0) -> 0 | BG11: =IFERROR(-IF(AH11=$K$3,0,IF(AH11=$M$3,15*680*D11,IF(AH11=$O$3,30*680*D11,IF(AH11=0,50*680*D11,0)))),0) -> 0
B12: ='Tong hop cac ma'!B12 -> 0 | C12: ='Tong hop cac ma'!C12 -> 0 | D12: =AQ12 -> 0
A13: 3 | B13: ='Tong hop cac ma'!B13 -> 0 | C13: ='Tong hop cac ma'!C13 -> 0 | D13: =AQ13 -> 0 | E13: =+'Tong hop cac ma'!S13 -> 0 | AF13: =IFERROR(SUM(F13:AC13)*0.2,0) -> 0 | AH13: A | AI13: =IFERROR(130*D13,0) -> 0 | AJ13: {=IFERROR(SUM(_xlfn._xlws.FILTER(E13:AI13,ISNUMBER(E13:AI13))),0)} -> 0 | AL13: =IFERROR(AJ13*(1+AK13%),0) -> 0 | AN13: =IFERROR(SUM(E13:AC13)/D13,0) -> 0 | AY13: =IFERROR((AQ13*20)/60,0) -> 0 | AZ13: =IFERROR(AX13 + AY13 + BI13,0) -> 0 | BA13: =IFERROR(AZ13/8,0) -> 0 | BB13: =IFERROR(MAX(AQ13-BA13,0),0) -> 0 | BD13: =IFERROR(10000*D13,0) -> 0 | BG13: =IFERROR(-IF(AH13=$K$3,0,IF(AH13=$M$3,15*680*D13,IF(AH13=$O$3,30*680*D13,IF(AH13=0,50*680*D13,0)))),0) -> 0
B14: ='Tong hop cac ma'!B14 -> 0 | C14: ='Tong hop cac ma'!C14 -> 0 | D14: =AQ14 -> 0
A15: 4 | B15: ='Tong hop cac ma'!B15 -> 0 | C15: ='Tong hop cac ma'!C15 -> 0 | D15: =AQ15 -> 0 | E15: =+'Tong hop cac ma'!S15 -> 0 | AF15: =IFERROR(SUM(F15:AC15)*0.2,0) -> 0 | AH15: A | AI15: =IFERROR(130*D15,0) -> 0 | AJ15: {=IFERROR(SUM(_xlfn._xlws.FILTER(E15:AI15,ISNUMBER(E15:AI15))),0)} -> 0 | AL15: =IFERROR(AJ15*(1+AK15%),0) -> 0 | AN15: =IFERROR(SUM(E15:AC15)/D15,0) -> 0 | AY15: =IFERROR((AQ15*20)/60,0) -> 0 | AZ15: =IFERROR(AX15 + AY15 + BI15,0) -> 0 | BA15: =IFERROR(AZ15/8,0) -> 0 | BB15: =IFERROR(MAX(AQ15-BA15,0),0) -> 0 | BD15: =IFERROR(10000*D15,0) -> 0 | BG15: =IFERROR(-IF(AH15=$K$3,0,IF(AH15=$M$3,15*680*D15,IF(AH15=$O$3,30*680*D15,IF(AH15=0,50*680*D15,0)))),0) -> 0
B16: ='Tong hop cac ma'!B16 -> 0 | C16: ='Tong hop cac ma'!C16 -> 0 | D16: =AQ16 -> 0
A17: 5 | B17: ='Tong hop cac ma'!B17 -> 0 | C17: ='Tong hop cac ma'!C17 -> 0 | D17: =AQ17 -> 0 | E17: =+'Tong hop cac ma'!S17 -> 0 | AF17: =IFERROR(SUM(F17:AC17)*0.2,0) -> 0 | AH17: A | AI17: =IFERROR(130*D17,0) -> 0 | AJ17: {=IFERROR(SUM(_xlfn._xlws.FILTER(E17:AI17,ISNUMBER(E17:AI17))),0)} -> 0 | AL17: =IFERROR(AJ17*(1+AK17%),0) -> 0 | AN17: =IFERROR(SUM(E17:AC17)/D17,0) -> 0 | AY17: =IFERROR((AQ17*20)/60,0) -> 0 | AZ17: =IFERROR(AX17 + AY17 + BI17,0) -> 0 | BA17: =IFERROR(AZ17/8,0) -> 0 | BB17: =IFERROR(MAX(AQ17-BA17,0),0) -> 0 | BD17: =IFERROR(10000*D17,0) -> 0 | BG17: =IFERROR(-IF(AH17=$K$3,0,IF(AH17=$M$3,15*680*D17,IF(AH17=$O$3,30*680*D17,IF(AH17=0,50*680*D17,0)))),0) -> 0
B18: ='Tong hop cac ma'!B18 -> 0 | C18: ='Tong hop cac ma'!C18 -> 0 | D18: =AQ18 -> 0
A19: 6 | B19: ='Tong hop cac ma'!B19 -> 0 | C19: ='Tong hop cac ma'!C19 -> 0 | D19: =AQ19 -> 0 | E19: =+'Tong hop cac ma'!S19 -> 0 | AF19: =IFERROR(SUM(F19:AC19)*0.2,0) -> 0 | AH19: A | AI19: =IFERROR(130*D19,0) -> 0 | AJ19: {=IFERROR(SUM(_xlfn._xlws.FILTER(E19:AI19,ISNUMBER(E19:AI19))),0)} -> 0 | AL19: =IFERROR(AJ19*(1+AK19%),0) -> 0 | AN19: =IFERROR(SUM(E19:AC19)/D19,0) -> 0 | AY19: =IFERROR((AQ19*20)/60,0) -> 0 | AZ19: =IFERROR(AX19 + AY19 + BI19,0) -> 0 | BA19: =IFERROR(AZ19/8,0) -> 0 | BB19: =IFERROR(MAX(AQ19-BA19,0),0) -> 0 | BD19: =IFERROR(10000*D19,0) -> 0 | BG19: =IFERROR(-IF(AH19=$K$3,0,IF(AH19=$M$3,15*680*D19,IF(AH19=$O$3,30*680*D19,IF(AH19=0,50*680*D19,0)))),0) -> 0
B20: ='Tong hop cac ma'!B20 -> 0 | C20: ='Tong hop cac ma'!C20 -> 0 | D20: =AQ20 -> 0
A21: 7 | B21: ='Tong hop cac ma'!B21 -> 0 | C21: ='Tong hop cac ma'!C21 -> 0 | D21: =AQ21 -> 0 | E21: =+'Tong hop cac ma'!S21 -> 0 | AF21: =IFERROR(SUM(F21:AC21)*0.2,0) -> 0 | AH21: A | AI21: =IFERROR(130*D21,0) -> 0 | AJ21: {=IFERROR(SUM(_xlfn._xlws.FILTER(E21:AI21,ISNUMBER(E21:AI21))),0)} -> 0 | AL21: =IFERROR(AJ21*(1+AK21%),0) -> 0 | AN21: =IFERROR(SUM(E21:AC21)/D21,0) -> 0 | AY21: =IFERROR((AQ21*20)/60,0) -> 0 | AZ21: =IFERROR(AX21 + AY21 + BI21,0) -> 0 | BA21: =IFERROR(AZ21/8,0) -> 0 | BB21: =IFERROR(MAX(AQ21-BA21,0),0) -> 0 | BD21: =IFERROR(10000*D21,0) -> 0 | BG21: =IFERROR(-IF(AH21=$K$3,0,IF(AH21=$M$3,15*680*D21,IF(AH21=$O$3,30*680*D21,IF(AH21=0,50*680*D21,0)))),0) -> 0
B22: ='Tong hop cac ma'!B22 -> 0 | C22: ='Tong hop cac ma'!C22 -> 0 | D22: =AQ22 -> 0
A23: 8 | B23: ='Tong hop cac ma'!B23 -> 0 | C23: ='Tong hop cac ma'!C23 -> 0 | D23: =AQ23 -> 0 | E23: =+'Tong hop cac ma'!S23 -> 0 | AF23: =IFERROR(SUM(F23:AC23)*0.2,0) -> 0 | AH23: A | AI23: =IFERROR(130*D23,0) -> 0 | AJ23: {=IFERROR(SUM(_xlfn._xlws.FILTER(E23:AI23,ISNUMBER(E23:AI23))),0)} -> 0 | AL23: =IFERROR(AJ23*(1+AK23%),0) -> 0 | AN23: =IFERROR(SUM(E23:AC23)/D23,0) -> 0 | AY23: =IFERROR((AQ23*20)/60,0) -> 0 | AZ23: =IFERROR(AX23 + AY23 + BI23,0) -> 0 | BA23: =IFERROR(AZ23/8,0) -> 0 | BB23: =IFERROR(MAX(AQ23-BA23,0),0) -> 0 | BD23: =IFERROR(10000*D23,0) -> 0 | BG23: =IFERROR(-IF(AH23=$K$3,0,IF(AH23=$M$3,15*680*D23,IF(AH23=$O$3,30*680*D23,IF(AH23=0,50*680*D23,0)))),0) -> 0
B24: ='Tong hop cac ma'!B24 -> 0 | C24: ='Tong hop cac ma'!C24 -> 0 | D24: =AQ24 -> 0
A25: 9 | B25: ='Tong hop cac ma'!B25 -> 0 | C25: ='Tong hop cac ma'!C25 -> 0 | D25: =AQ25 -> 0 | E25: =+'Tong hop cac ma'!S25 -> 0 | AF25: =IFERROR(SUM(F25:AC25)*0.2,0) -> 0 | AH25: A | AI25: =IFERROR(130*D25,0) -> 0 | AJ25: {=IFERROR(SUM(_xlfn._xlws.FILTER(E25:AI25,ISNUMBER(E25:AI25))),0)} -> 0 | AL25: =IFERROR(AJ25*(1+AK25%),0) -> 0 | AN25: =IFERROR(SUM(E25:AC25)/D25,0) -> 0 | AY25: =IFERROR((AQ25*20)/60,0) -> 0 | AZ25: =IFERROR(AX25 + AY25 + BI25,0) -> 0 | BA25: =IFERROR(AZ25/8,0) -> 0 | BB25: =IFERROR(MAX(AQ25-BA25,0),0) -> 0 | BD25: =IFERROR(10000*D25,0) -> 0 | BG25: =IFERROR(-IF(AH25=$K$3,0,IF(AH25=$M$3,15*680*D25,IF(AH25=$O$3,30*680*D25,IF(AH25=0,50*680*D25,0)))),0) -> 0
B26: ='Tong hop cac ma'!B26 -> 0 | C26: ='Tong hop cac ma'!C26 -> 0 | D26: =AQ26 -> 0
A27: 10 | B27: ='Tong hop cac ma'!B27 -> 0 | C27: ='Tong hop cac ma'!C27 -> 0 | D27: =AQ27 -> 0 | E27: =+'Tong hop cac ma'!S27 -> 0 | AF27: =IFERROR(SUM(F27:AC27)*0.2,0) -> 0 | AH27: A | AI27: =IFERROR(130*D27,0) -> 0 | AJ27: {=IFERROR(SUM(_xlfn._xlws.FILTER(E27:AI27,ISNUMBER(E27:AI27))),0)} -> 0 | AL27: =IFERROR(AJ27*(1+AK27%),0) -> 0 | AN27: =IFERROR(SUM(E27:AC27)/D27,0) -> 0 | AY27: =IFERROR((AQ27*20)/60,0) -> 0 | AZ27: =IFERROR(AX27 + AY27 + BI27,0) -> 0 | BA27: =IFERROR(AZ27/8,0) -> 0 | BB27: =IFERROR(MAX(AQ27-BA27,0),0) -> 0 | BD27: =IFERROR(10000*D27,0) -> 0 | BG27: =IFERROR(-IF(AH27=$K$3,0,IF(AH27=$M$3,15*680*D27,IF(AH27=$O$3,30*680*D27,IF(AH27=0,50*680*D27,0)))),0) -> 0
B28: ='Tong hop cac ma'!B28 -> 0 | C28: ='Tong hop cac ma'!C28 -> 0 | D28: =AQ28 -> 0
A29: 11 | B29: ='Tong hop cac ma'!B29 -> 0 | C29: ='Tong hop cac ma'!C29 -> 0 | D29: =AQ29 -> 0 | E29: =+'Tong hop cac ma'!S29 -> 0 | AF29: =IFERROR(SUM(F29:AC29)*0.2,0) -> 0 | AH29: A | AI29: =IFERROR(130*D29,0) -> 0 | AJ29: {=IFERROR(SUM(_xlfn._xlws.FILTER(E29:AI29,ISNUMBER(E29:AI29))),0)} -> 0 | AL29: =IFERROR(AJ29*(1+AK29%),0) -> 0 | AN29: =IFERROR(SUM(E29:AC29)/D29,0) -> 0 | AY29: =IFERROR((AQ29*20)/60,0) -> 0 | AZ29: =IFERROR(AX29 + AY29 + BI29,0) -> 0 | BA29: =IFERROR(AZ29/8,0) -> 0 | BB29: =IFERROR(MAX(AQ29-BA29,0),0) -> 0 | BD29: =IFERROR(10000*D29,0) -> 0 | BG29: =IFERROR(-IF(AH29=$K$3,0,IF(AH29=$M$3,15*680*D29,IF(AH29=$O$3,30*680*D29,IF(AH29=0,50*680*D29,0)))),0) -> 0
B30: ='Tong hop cac ma'!B30 -> 0 | C30: ='Tong hop cac ma'!C30 -> 0 | D30: =AQ30 -> 0
A31: 12 | B31: ='Tong hop cac ma'!B31 -> 0 | C31: ='Tong hop cac ma'!C31 -> 0 | D31: =AQ31 -> 0 | E31: =+'Tong hop cac ma'!S31 -> 0 | AF31: =IFERROR(SUM(F31:AC31)*0.2,0) -> 0 | AH31: A | AI31: =IFERROR(130*D31,0) -> 0 | AJ31: {=IFERROR(SUM(_xlfn._xlws.FILTER(E31:AI31,ISNUMBER(E31:AI31))),0)} -> 0 | AL31: =IFERROR(AJ31*(1+AK31%),0) -> 0 | AN31: =IFERROR(SUM(E31:AC31)/D31,0) -> 0 | AY31: =IFERROR((AQ31*20)/60,0) -> 0 | AZ31: =IFERROR(AX31 + AY31 + BI31,0) -> 0 | BA31: =IFERROR(AZ31/8,0) -> 0 | BB31: =IFERROR(MAX(AQ31-BA31,0),0) -> 0 | BD31: =IFERROR(10000*D31,0) -> 0 | BG31: =IFERROR(-IF(AH31=$K$3,0,IF(AH31=$M$3,15*680*D31,IF(AH31=$O$3,30*680*D31,IF(AH31=0,50*680*D31,0)))),0) -> 0
B32: ='Tong hop cac ma'!B32 -> 0 | C32: ='Tong hop cac ma'!C32 -> 0 | D32: =AQ32 -> 0
A33: 13 | B33: ='Tong hop cac ma'!B33 -> 0 | C33: ='Tong hop cac ma'!C33 -> 0 | D33: =AQ33 -> 0 | E33: =+'Tong hop cac ma'!S33 -> 0 | AF33: =IFERROR(SUM(F33:AC33)*0.2,0) -> 0 | AH33: A | AI33: =IFERROR(130*D33,0) -> 0 | AJ33: {=IFERROR(SUM(_xlfn._xlws.FILTER(E33:AI33,ISNUMBER(E33:AI33))),0)} -> 0 | AL33: =IFERROR(AJ33*(1+AK33%),0) -> 0 | AN33: =IFERROR(SUM(E33:AC33)/D33,0) -> 0 | AY33: =IFERROR((AQ33*20)/60,0) -> 0 | AZ33: =IFERROR(AX33 + AY33 + BI33,0) -> 0 | BA33: =IFERROR(AZ33/8,0) -> 0 | BB33: =IFERROR(MAX(AQ33-BA33,0),0) -> 0 | BD33: =IFERROR(10000*D33,0) -> 0 | BG33: =IFERROR(-IF(AH33=$K$3,0,IF(AH33=$M$3,15*680*D33,IF(AH33=$O$3,30*680*D33,IF(AH33=0,50*680*D33,0)))),0) -> 0
B34: ='Tong hop cac ma'!B34 -> 0 | C34: ='Tong hop cac ma'!C34 -> 0 | D34: =AQ34 -> 0
A35: 14 | B35: ='Tong hop cac ma'!B35 -> 0 | C35: ='Tong hop cac ma'!C35 -> 0 | D35: =AQ35 -> 0 | E35: =+'Tong hop cac ma'!S35 -> 0 | AF35: =IFERROR(SUM(F35:AC35)*0.2,0) -> 0 | AH35: A | AI35: =IFERROR(130*D35,0) -> 0 | AJ35: {=IFERROR(SUM(_xlfn._xlws.FILTER(E35:AI35,ISNUMBER(E35:AI35))),0)} -> 0 | AL35: =IFERROR(AJ35*(1+AK35%),0) -> 0 | AN35: =IFERROR(SUM(E35:AC35)/D35,0) -> 0 | AY35: =IFERROR((AQ35*20)/60,0) -> 0 | AZ35: =IFERROR(AX35 + AY35 + BI35,0) -> 0 | BA35: =IFERROR(AZ35/8,0) -> 0 | BB35: =IFERROR(MAX(AQ35-BA35,0),0) -> 0 | BD35: =IFERROR(10000*D35,0) -> 0 | BG35: =IFERROR(-IF(AH35=$K$3,0,IF(AH35=$M$3,15*680*D35,IF(AH35=$O$3,30*680*D35,IF(AH35=0,50*680*D35,0)))),0) -> 0
B36: ='Tong hop cac ma'!B36 -> 0 | C36: ='Tong hop cac ma'!C36 -> 0 | D36: =AQ36 -> 0
A37: 15 | B37: ='Tong hop cac ma'!B37 -> 0 | C37: ='Tong hop cac ma'!C37 -> 0 | D37: =AQ37 -> 0 | E37: =+'Tong hop cac ma'!S37 -> 0 | AF37: =IFERROR(SUM(F37:AC37)*0.2,0) -> 0 | AH37: A | AI37: =IFERROR(130*D37,0) -> 0 | AJ37: {=IFERROR(SUM(_xlfn._xlws.FILTER(E37:AI37,ISNUMBER(E37:AI37))),0)} -> 0 | AL37: =IFERROR(AJ37*(1+AK37%),0) -> 0 | AN37: =IFERROR(SUM(E37:AC37)/D37,0) -> 0 | AY37: =IFERROR((AQ37*20)/60,0) -> 0 | AZ37: =IFERROR(AX37 + AY37 + BI37,0) -> 0 | BA37: =IFERROR(AZ37/8,0) -> 0 | BB37: =IFERROR(MAX(AQ37-BA37,0),0) -> 0 | BD37: =IFERROR(10000*D37,0) -> 0 | BG37: =IFERROR(-IF(AH37=$K$3,0,IF(AH37=$M$3,15*680*D37,IF(AH37=$O$3,30*680*D37,IF(AH37=0,50*680*D37,0)))),0) -> 0
B38: ='Tong hop cac ma'!B38 -> 0 | C38: ='Tong hop cac ma'!C38 -> 0 | D38: =AQ38 -> 0
A39: 16 | B39: ='Tong hop cac ma'!B39 -> 0 | C39: ='Tong hop cac ma'!C39 -> 0 | D39: =AQ39 -> 0 | E39: =+'Tong hop cac ma'!S39 -> 0 | AF39: =IFERROR(SUM(F39:AC39)*0.2,0) -> 0 | AH39: A | AI39: =IFERROR(130*D39,0) -> 0 | AJ39: {=IFERROR(SUM(_xlfn._xlws.FILTER(E39:AI39,ISNUMBER(E39:AI39))),0)} -> 0 | AL39: =IFERROR(AJ39*(1+AK39%),0) -> 0 | AN39: =IFERROR(SUM(E39:AC39)/D39,0) -> 0 | AY39: =IFERROR((AQ39*20)/60,0) -> 0 | AZ39: =IFERROR(AX39 + AY39 + BI39,0) -> 0 | BA39: =IFERROR(AZ39/8,0) -> 0 | BB39: =IFERROR(MAX(AQ39-BA39,0),0) -> 0 | BD39: =IFERROR(10000*D39,0) -> 0 | BG39: =IFERROR(-IF(AH39=$K$3,0,IF(AH39=$M$3,15*680*D39,IF(AH39=$O$3,30*680*D39,IF(AH39=0,50*680*D39,0)))),0) -> 0
B40: ='Tong hop cac ma'!B40 -> 0 | C40: ='Tong hop cac ma'!C40 -> 0 | D40: =AQ40 -> 0
A41: 17 | B41: ='Tong hop cac ma'!B41 -> 0 | C41: ='Tong hop cac ma'!C41 -> 0 | D41: =AQ41 -> 0 | E41: =+'Tong hop cac ma'!S41 -> 0 | AF41: =IFERROR(SUM(F41:AC41)*0.2,0) -> 0 | AH41: A | AI41: =IFERROR(130*D41,0) -> 0 | AJ41: {=IFERROR(SUM(_xlfn._xlws.FILTER(E41:AI41,ISNUMBER(E41:AI41))),0)} -> 0 | AL41: =IFERROR(AJ41*(1+AK41%),0) -> 0 | AN41: =IFERROR(SUM(E41:AC41)/D41,0) -> 0 | AY41: =IFERROR((AQ41*20)/60,0) -> 0 | AZ41: =IFERROR(AX41 + AY41 + BI41,0) -> 0 | BA41: =IFERROR(AZ41/8,0) -> 0 | BB41: =IFERROR(MAX(AQ41-BA41,0),0) -> 0 | BD41: =IFERROR(10000*D41,0) -> 0 | BG41: =IFERROR(-IF(AH41=$K$3,0,IF(AH41=$M$3,15*680*D41,IF(AH41=$O$3,30*680*D41,IF(AH41=0,50*680*D41,0)))),0) -> 0
B42: ='Tong hop cac ma'!B42 -> 0 | C42: ='Tong hop cac ma'!C42 -> 0 | D42: =AQ42 -> 0
A43: 18 | B43: ='Tong hop cac ma'!B43 -> 0 | C43: ='Tong hop cac ma'!C43 -> 0 | D43: =AQ43 -> 0 | E43: =+'Tong hop cac ma'!S43 -> 0 | AF43: =IFERROR(SUM(F43:AC43)*0.2,0) -> 0 | AH43: A | AI43: =IFERROR(130*D43,0) -> 0 | AJ43: {=IFERROR(SUM(_xlfn._xlws.FILTER(E43:AI43,ISNUMBER(E43:AI43))),0)} -> 0 | AL43: =IFERROR(AJ43*(1+AK43%),0) -> 0 | AN43: =IFERROR(SUM(E43:AC43)/D43,0) -> 0 | AY43: =IFERROR((AQ43*20)/60,0) -> 0 | AZ43: =IFERROR(AX43 + AY43 + BI43,0) -> 0 | BA43: =IFERROR(AZ43/8,0) -> 0 | BB43: =IFERROR(MAX(AQ43-BA43,0),0) -> 0 | BD43: =IFERROR(10000*D43,0) -> 0 | BG43: =IFERROR(-IF(AH43=$K$3,0,IF(AH43=$M$3,15*680*D43,IF(AH43=$O$3,30*680*D43,IF(AH43=0,50*680*D43,0)))),0) -> 0
B44: ='Tong hop cac ma'!B44 -> 0 | C44: ='Tong hop cac ma'!C44 -> 0 | D44: =AQ44 -> 0
A45: 19 | B45: ='Tong hop cac ma'!B45 -> 0 | C45: ='Tong hop cac ma'!C45 -> 0 | D45: =AQ45 -> 0 | E45: =+'Tong hop cac ma'!S45 -> 0 | AF45: =IFERROR(SUM(F45:AC45)*0.2,0) -> 0 | AH45: A | AI45: =IFERROR(130*D45,0) -> 0 | AJ45: {=IFERROR(SUM(_xlfn._xlws.FILTER(E45:AI45,ISNUMBER(E45:AI45))),0)} -> 0 | AL45: =IFERROR(AJ45*(1+AK45%),0) -> 0 | AN45: =IFERROR(SUM(E45:AC45)/D45,0) -> 0 | AY45: =IFERROR((AQ45*20)/60,0) -> 0 | AZ45: =IFERROR(AX45 + AY45 + BI45,0) -> 0 | BA45: =IFERROR(AZ45/8,0) -> 0 | BB45: =IFERROR(MAX(AQ45-BA45,0),0) -> 0 | BD45: =IFERROR(10000*D45,0) -> 0 | BG45: =IFERROR(-IF(AH45=$K$3,0,IF(AH45=$M$3,15*680*D45,IF(AH45=$O$3,30*680*D45,IF(AH45=0,50*680*D45,0)))),0) -> 0
B46: ='Tong hop cac ma'!B46 -> 0 | C46: ='Tong hop cac ma'!C46 -> 0 | D46: =AQ46 -> 0
A47: 20 | B47: ='Tong hop cac ma'!B47 -> 0 | C47: ='Tong hop cac ma'!C47 -> 0 | D47: =AQ47 -> 0 | E47: =+'Tong hop cac ma'!S47 -> 0 | AF47: =IFERROR(SUM(F47:AC47)*0.2,0) -> 0 | AH47: A | AI47: =IFERROR(130*D47,0) -> 0 | AJ47: {=IFERROR(SUM(_xlfn._xlws.FILTER(E47:AI47,ISNUMBER(E47:AI47))),0)} -> 0 | AL47: =IFERROR(AJ47*(1+AK47%),0) -> 0 | AN47: =IFERROR(SUM(E47:AC47)/D47,0) -> 0 | AY47: =IFERROR((AQ47*20)/60,0) -> 0 | AZ47: =IFERROR(AX47 + AY47 + BI47,0) -> 0 | BA47: =IFERROR(AZ47/8,0) -> 0 | BB47: =IFERROR(MAX(AQ47-BA47,0),0) -> 0 | BD47: =IFERROR(10000*D47,0) -> 0 | BG47: =IFERROR(-IF(AH47=$K$3,0,IF(AH47=$M$3,15*680*D47,IF(AH47=$O$3,30*680*D47,IF(AH47=0,50*680*D47,0)))),0) -> 0
B48: ='Tong hop cac ma'!B48 -> 0 | C48: ='Tong hop cac ma'!C48 -> 0 | D48: =AQ48 -> 0
A49: 21 | B49: ='Tong hop cac ma'!B49 -> 0 | C49: ='Tong hop cac ma'!C49 -> 0 | D49: =AQ49 -> 0 | E49: =+'Tong hop cac ma'!S49 -> 0 | AF49: =IFERROR(SUM(F49:AC49)*0.2,0) -> 0 | AH49: A | AI49: =IFERROR(130*D49,0) -> 0 | AJ49: {=IFERROR(SUM(_xlfn._xlws.FILTER(E49:AI49,ISNUMBER(E49:AI49))),0)} -> 0 | AL49: =IFERROR(AJ49*(1+AK49%),0) -> 0 | AN49: =IFERROR(SUM(E49:AC49)/D49,0) -> 0 | AY49: =IFERROR((AQ49*20)/60,0) -> 0 | AZ49: =IFERROR(AX49 + AY49 + BI49,0) -> 0 | BA49: =IFERROR(AZ49/8,0) -> 0 | BB49: =IFERROR(MAX(AQ49-BA49,0),0) -> 0 | BD49: =IFERROR(10000*D49,0) -> 0 | BG49: =IFERROR(-IF(AH49=$K$3,0,IF(AH49=$M$3,15*680*D49,IF(AH49=$O$3,30*680*D49,IF(AH49=0,50*680*D49,0)))),0) -> 0
B50: ='Tong hop cac ma'!B50 -> 0 | C50: ='Tong hop cac ma'!C50 -> 0 | D50: =AQ50 -> 0
A51: 22 | B51: ='Tong hop cac ma'!B51 -> 0 | C51: ='Tong hop cac ma'!C51 -> 0 | D51: =AQ51 -> 0 | E51: =+'Tong hop cac ma'!S51 -> 0 | AF51: =IFERROR(SUM(F51:AC51)*0.2,0) -> 0 | AH51: A | AI51: =IFERROR(130*D51,0) -> 0 | AJ51: {=IFERROR(SUM(_xlfn._xlws.FILTER(E51:AI51,ISNUMBER(E51:AI51))),0)} -> 0 | AL51: =IFERROR(AJ51*(1+AK51%),0) -> 0 | AN51: =IFERROR(SUM(E51:AC51)/D51,0) -> 0 | AY51: =IFERROR((AQ51*20)/60,0) -> 0 | AZ51: =IFERROR(AX51 + AY51 + BI51,0) -> 0 | BA51: =IFERROR(AZ51/8,0) -> 0 | BB51: =IFERROR(MAX(AQ51-BA51,0),0) -> 0 | BD51: =IFERROR(10000*D51,0) -> 0 | BG51: =IFERROR(-IF(AH51=$K$3,0,IF(AH51=$M$3,15*680*D51,IF(AH51=$O$3,30*680*D51,IF(AH51=0,50*680*D51,0)))),0) -> 0
B52: ='Tong hop cac ma'!B52 -> 0 | C52: ='Tong hop cac ma'!C52 -> 0 | D52: =AQ52 -> 0
A53: 23 | B53: ='Tong hop cac ma'!B53 -> 0 | C53: ='Tong hop cac ma'!C53 -> 0 | D53: =AQ53 -> 0 | E53: =+'Tong hop cac ma'!S53 -> 0 | AF53: =IFERROR(SUM(F53:AC53)*0.2,0) -> 0 | AH53: A | AI53: =IFERROR(130*D53,0) -> 0 | AJ53: {=IFERROR(SUM(_xlfn._xlws.FILTER(E53:AI53,ISNUMBER(E53:AI53))),0)} -> 0 | AL53: =IFERROR(AJ53*(1+AK53%),0) -> 0 | AN53: =IFERROR(SUM(E53:AC53)/D53,0) -> 0 | AY53: =IFERROR((AQ53*20)/60,0) -> 0 | AZ53: =IFERROR(AX53 + AY53 + BI53,0) -> 0 | BA53: =IFERROR(AZ53/8,0) -> 0 | BB53: =IFERROR(MAX(AQ53-BA53,0),0) -> 0 | BD53: =IFERROR(10000*D53,0) -> 0 | BG53: =IFERROR(-IF(AH53=$K$3,0,IF(AH53=$M$3,15*680*D53,IF(AH53=$O$3,30*680*D53,IF(AH53=0,50*680*D53,0)))),0) -> 0
B54: ='Tong hop cac ma'!B54 -> 0 | C54: ='Tong hop cac ma'!C54 -> 0 | D54: =AQ54 -> 0
A55: 24 | B55: ='Tong hop cac ma'!B55 -> 0 | C55: ='Tong hop cac ma'!C55 -> 0 | D55: =AQ55 -> 0 | E55: =+'Tong hop cac ma'!S55 -> 0 | AF55: =IFERROR(SUM(F55:AC55)*0.2,0) -> 0 | AH55: A | AI55: =IFERROR(130*D55,0) -> 0 | AJ55: {=IFERROR(SUM(_xlfn._xlws.FILTER(E55:AI55,ISNUMBER(E55:AI55))),0)} -> 0 | AL55: =IFERROR(AJ55*(1+AK55%),0) -> 0 | AN55: =IFERROR(SUM(E55:AC55)/D55,0) -> 0 | AY55: =IFERROR((AQ55*20)/60,0) -> 0 | AZ55: =IFERROR(AX55 + AY55 + BI55,0) -> 0 | BA55: =IFERROR(AZ55/8,0) -> 0 | BB55: =IFERROR(MAX(AQ55-BA55,0),0) -> 0 | BD55: =IFERROR(10000*D55,0) -> 0 | BG55: =IFERROR(-IF(AH55=$K$3,0,IF(AH55=$M$3,15*680*D55,IF(AH55=$O$3,30*680*D55,IF(AH55=0,50*680*D55,0)))),0) -> 0
B56: ='Tong hop cac ma'!B56 -> 0 | C56: ='Tong hop cac ma'!C56 -> 0 | D56: =AQ56 -> 0
A57: 25 | B57: ='Tong hop cac ma'!B57 -> 0 | C57: ='Tong hop cac ma'!C57 -> 0 | D57: =AQ57 -> 0 | E57: =+'Tong hop cac ma'!S57 -> 0 | AF57: =IFERROR(SUM(F57:AC57)*0.2,0) -> 0 | AH57: A | AI57: =IFERROR(130*D57,0) -> 0 | AJ57: {=IFERROR(SUM(_xlfn._xlws.FILTER(E57:AI57,ISNUMBER(E57:AI57))),0)} -> 0 | AL57: =IFERROR(AJ57*(1+AK57%),0) -> 0 | AN57: =IFERROR(SUM(E57:AC57)/D57,0) -> 0 | AY57: =IFERROR((AQ57*20)/60,0) -> 0 | AZ57: =IFERROR(AX57 + AY57 + BI57,0) -> 0 | BA57: =IFERROR(AZ57/8,0) -> 0 | BB57: =IFERROR(MAX(AQ57-BA57,0),0) -> 0 | BD57: =IFERROR(10000*D57,0) -> 0 | BG57: =IFERROR(-IF(AH57=$K$3,0,IF(AH57=$M$3,15*680*D57,IF(AH57=$O$3,30*680*D57,IF(AH57=0,50*680*D57,0)))),0) -> 0
B58: ='Tong hop cac ma'!B58 -> 0 | C58: ='Tong hop cac ma'!C58 -> 0 | D58: =AQ58 -> 0
A59: 26 | B59: ='Tong hop cac ma'!B59 -> 0 | C59: ='Tong hop cac ma'!C59 -> 0 | D59: =AQ59 -> 0 | E59: =+'Tong hop cac ma'!S59 -> 0 | AF59: =IFERROR(SUM(F59:AC59)*0.2,0) -> 0 | AH59: A | AI59: =IFERROR(130*D59,0) -> 0 | AJ59: {=IFERROR(SUM(_xlfn._xlws.FILTER(E59:AI59,ISNUMBER(E59:AI59))),0)} -> 0 | AL59: =IFERROR(AJ59*(1+AK59%),0) -> 0 | AN59: =IFERROR(SUM(E59:AC59)/D59,0) -> 0 | AY59: =IFERROR((AQ59*20)/60,0) -> 0 | AZ59: =IFERROR(AX59 + AY59 + BI59,0) -> 0 | BA59: =IFERROR(AZ59/8,0) -> 0 | BB59: =IFERROR(MAX(AQ59-BA59,0),0) -> 0 | BD59: =IFERROR(10000*D59,0) -> 0 | BG59: =IFERROR(-IF(AH59=$K$3,0,IF(AH59=$M$3,15*680*D59,IF(AH59=$O$3,30*680*D59,IF(AH59=0,50*680*D59,0)))),0) -> 0
B60: ='Tong hop cac ma'!B60 -> 0 | C60: ='Tong hop cac ma'!C60 -> 0 | D60: =AQ60 -> 0
A61: 27 | B61: ='Tong hop cac ma'!B61 -> 0 | C61: ='Tong hop cac ma'!C61 -> 0 | D61: =AQ61 -> 0 | E61: =+'Tong hop cac ma'!S61 -> 0 | AF61: =IFERROR(SUM(F61:AC61)*0.2,0) -> 0 | AH61: A | AI61: =IFERROR(130*D61,0) -> 0 | AJ61: {=IFERROR(SUM(_xlfn._xlws.FILTER(E61:AI61,ISNUMBER(E61:AI61))),0)} -> 0 | AL61: =IFERROR(AJ61*(1+AK61%),0) -> 0 | AN61: =IFERROR(SUM(E61:AC61)/D61,0) -> 0 | AY61: =IFERROR((AQ61*20)/60,0) -> 0 | AZ61: =IFERROR(AX61 + AY61 + BI61,0) -> 0 | BA61: =IFERROR(AZ61/8,0) -> 0 | BB61: =IFERROR(MAX(AQ61-BA61,0),0) -> 0 | BD61: =IFERROR(10000*D61,0) -> 0 | BG61: =IFERROR(-IF(AH61=$K$3,0,IF(AH61=$M$3,15*680*D61,IF(AH61=$O$3,30*680*D61,IF(AH61=0,50*680*D61,0)))),0) -> 0
B62: ='Tong hop cac ma'!B62 -> 0 | C62: ='Tong hop cac ma'!C62 -> 0 | D62: =AQ62 -> 0
A63: 28 | B63: ='Tong hop cac ma'!B63 -> 0 | C63: ='Tong hop cac ma'!C63 -> 0 | D63: =AQ63 -> 0 | E63: =+'Tong hop cac ma'!S63 -> 0 | AF63: =IFERROR(SUM(F63:AC63)*0.2,0) -> 0 | AH63: A | AI63: =IFERROR(130*D63,0) -> 0 | AJ63: {=IFERROR(SUM(_xlfn._xlws.FILTER(E63:AI63,ISNUMBER(E63:AI63))),0)} -> 0 | AL63: =IFERROR(AJ63*(1+AK63%),0) -> 0 | AN63: =IFERROR(SUM(E63:AC63)/D63,0) -> 0 | AY63: =IFERROR((AQ63*20)/60,0) -> 0 | AZ63: =IFERROR(AX63 + AY63 + BI63,0) -> 0 | BA63: =IFERROR(AZ63/8,0) -> 0 | BB63: =IFERROR(MAX(AQ63-BA63,0),0) -> 0 | BD63: =IFERROR(10000*D63,0) -> 0 | BG63: =IFERROR(-IF(AH63=$K$3,0,IF(AH63=$M$3,15*680*D63,IF(AH63=$O$3,30*680*D63,IF(AH63=0,50*680*D63,0)))),0) -> 0
B64: ='Tong hop cac ma'!B64 -> 0 | C64: ='Tong hop cac ma'!C64 -> 0 | D64: =AQ64 -> 0
A65: 29 | B65: ='Tong hop cac ma'!B65 -> 0 | C65: ='Tong hop cac ma'!C65 -> 0 | D65: =AQ65 -> 0 | E65: =+'Tong hop cac ma'!S65 -> 0 | AF65: =IFERROR(SUM(F65:AC65)*0.2,0) -> 0 | AH65: A | AI65: =IFERROR(130*D65,0) -> 0 | AJ65: {=IFERROR(SUM(_xlfn._xlws.FILTER(E65:AI65,ISNUMBER(E65:AI65))),0)} -> 0 | AL65: =IFERROR(AJ65*(1+AK65%),0) -> 0 | AN65: =IFERROR(SUM(E65:AC65)/D65,0) -> 0 | AY65: =IFERROR((AQ65*20)/60,0) -> 0 | AZ65: =IFERROR(AX65 + AY65 + BI65,0) -> 0 | BA65: =IFERROR(AZ65/8,0) -> 0 | BB65: =IFERROR(MAX(AQ65-BA65,0),0) -> 0 | BD65: =IFERROR(10000*D65,0) -> 0 | BG65: =IFERROR(-IF(AH65=$K$3,0,IF(AH65=$M$3,15*680*D65,IF(AH65=$O$3,30*680*D65,IF(AH65=0,50*680*D65,0)))),0) -> 0
B66: ='Tong hop cac ma'!B66 -> 0 | C66: ='Tong hop cac ma'!C66 -> 0 | D66: =AQ66 -> 0
A67: 30 | B67: ='Tong hop cac ma'!B67 -> 0 | C67: ='Tong hop cac ma'!C67 -> 0 | D67: =AQ67 -> 0 | E67: =+'Tong hop cac ma'!S67 -> 0 | AF67: =IFERROR(SUM(F67:AC67)*0.2,0) -> 0 | AH67: A | AI67: =IFERROR(130*D67,0) -> 0 | AJ67: {=IFERROR(SUM(_xlfn._xlws.FILTER(E67:AI67,ISNUMBER(E67:AI67))),0)} -> 0 | AL67: =IFERROR(AJ67*(1+AK67%),0) -> 0 | AN67: =IFERROR(SUM(E67:AC67)/D67,0) -> 0 | AY67: =IFERROR((AQ67*20)/60,0) -> 0 | AZ67: =IFERROR(AX67 + AY67 + BI67,0) -> 0 | BA67: =IFERROR(AZ67/8,0) -> 0 | BB67: =IFERROR(MAX(AQ67-BA67,0),0) -> 0 | BD67: =IFERROR(10000*D67,0) -> 0 | BG67: =IFERROR(-IF(AH67=$K$3,0,IF(AH67=$M$3,15*680*D67,IF(AH67=$O$3,30*680*D67,IF(AH67=0,50*680*D67,0)))),0) -> 0
B68: ='Tong hop cac ma'!B68 -> 0 | C68: ='Tong hop cac ma'!C68 -> 0 | D68: =AQ68 -> 0
A69: 31 | B69: ='Tong hop cac ma'!B69 -> 0 | C69: ='Tong hop cac ma'!C69 -> 0 | D69: =AQ69 -> 0 | E69: =+'Tong hop cac ma'!S69 -> 0 | AF69: =IFERROR(SUM(F69:AC69)*0.2,0) -> 0 | AH69: A | AI69: =IFERROR(130*D69,0) -> 0 | AJ69: {=IFERROR(SUM(_xlfn._xlws.FILTER(E69:AI69,ISNUMBER(E69:AI69))),0)} -> 0 | AL69: =IFERROR(AJ69*(1+AK69%),0) -> 0 | AN69: =IFERROR(SUM(E69:AC69)/D69,0) -> 0 | AY69: =IFERROR((AQ69*20)/60,0) -> 0 | AZ69: =IFERROR(AX69 + AY69 + BI69,0) -> 0 | BA69: =IFERROR(AZ69/8,0) -> 0 | BB69: =IFERROR(MAX(AQ69-BA69,0),0) -> 0 | BD69: =IFERROR(10000*D69,0) -> 0 | BG69: =IFERROR(-IF(AH69=$K$3,0,IF(AH69=$M$3,15*680*D69,IF(AH69=$O$3,30*680*D69,IF(AH69=0,50*680*D69,0)))),0) -> 0
B70: ='Tong hop cac ma'!B70 -> 0 | C70: ='Tong hop cac ma'!C70 -> 0 | D70: =AQ70 -> 0
A71: 32 | B71: ='Tong hop cac ma'!B71 -> 0 | C71: ='Tong hop cac ma'!C71 -> 0 | D71: =AQ71 -> 0 | E71: =+'Tong hop cac ma'!S71 -> 0 | AF71: =IFERROR(SUM(F71:AC71)*0.2,0) -> 0 | AH71: A | AI71: =IFERROR(130*D71,0) -> 0 | AJ71: {=IFERROR(SUM(_xlfn._xlws.FILTER(E71:AI71,ISNUMBER(E71:AI71))),0)} -> 0 | AL71: =IFERROR(AJ71*(1+AK71%),0) -> 0 | AN71: =IFERROR(SUM(E71:AC71)/D71,0) -> 0 | AY71: =IFERROR((AQ71*20)/60,0) -> 0 | AZ71: =IFERROR(AX71 + AY71 + BI71,0) -> 0 | BA71: =IFERROR(AZ71/8,0) -> 0 | BB71: =IFERROR(MAX(AQ71-BA71,0),0) -> 0 | BD71: =IFERROR(10000*D71,0) -> 0 | BG71: =IFERROR(-IF(AH71=$K$3,0,IF(AH71=$M$3,15*680*D71,IF(AH71=$O$3,30*680*D71,IF(AH71=0,50*680*D71,0)))),0) -> 0
B72: ='Tong hop cac ma'!B72 -> 0 | C72: ='Tong hop cac ma'!C72 -> 0 | D72: =AQ72 -> 0
A73: 33 | B73: ='Tong hop cac ma'!B73 -> 0 | C73: ='Tong hop cac ma'!C73 -> 0 | D73: =AQ73 -> 0 | E73: =+'Tong hop cac ma'!S73 -> 0 | AF73: =IFERROR(SUM(F73:AC73)*0.2,0) -> 0 | AH73: A | AI73: =IFERROR(130*D73,0) -> 0 | AJ73: {=IFERROR(SUM(_xlfn._xlws.FILTER(E73:AI73,ISNUMBER(E73:AI73))),0)} -> 0 | AL73: =IFERROR(AJ73*(1+AK73%),0) -> 0 | AN73: =IFERROR(SUM(E73:AC73)/D73,0) -> 0 | AY73: =IFERROR((AQ73*20)/60,0) -> 0 | AZ73: =IFERROR(AX73 + AY73 + BI73,0) -> 0 | BA73: =IFERROR(AZ73/8,0) -> 0 | BB73: =IFERROR(MAX(AQ73-BA73,0),0) -> 0 | BD73: =IFERROR(10000*D73,0) -> 0 | BG73: =IFERROR(-IF(AH73=$K$3,0,IF(AH73=$M$3,15*680*D73,IF(AH73=$O$3,30*680*D73,IF(AH73=0,50*680*D73,0)))),0) -> 0
B74: ='Tong hop cac ma'!B74 -> 0 | C74: ='Tong hop cac ma'!C74 -> 0 | D74: =AQ74 -> 0
A75: 34 | B75: ='Tong hop cac ma'!B75 -> 0 | C75: ='Tong hop cac ma'!C75 -> 0 | D75: =AQ75 -> 0 | E75: =+'Tong hop cac ma'!S75 -> 0 | AF75: =IFERROR(SUM(F75:AC75)*0.2,0) -> 0 | AH75: A | AI75: =IFERROR(130*D75,0) -> 0 | AJ75: {=IFERROR(SUM(_xlfn._xlws.FILTER(E75:AI75,ISNUMBER(E75:AI75))),0)} -> 0 | AL75: =IFERROR(AJ75*(1+AK75%),0) -> 0 | AN75: =IFERROR(SUM(E75:AC75)/D75,0) -> 0 | AY75: =IFERROR((AQ75*20)/60,0) -> 0 | AZ75: =IFERROR(AX75 + AY75 + BI75,0) -> 0 | BA75: =IFERROR(AZ75/8,0) -> 0 | BB75: =IFERROR(MAX(AQ75-BA75,0),0) -> 0 | BD75: =IFERROR(10000*D75,0) -> 0 | BG75: =IFERROR(-IF(AH75=$K$3,0,IF(AH75=$M$3,15*680*D75,IF(AH75=$O$3,30*680*D75,IF(AH75=0,50*680*D75,0)))),0) -> 0
B76: ='Tong hop cac ma'!B76 -> 0 | C76: ='Tong hop cac ma'!C76 -> 0 | D76: =AQ76 -> 0
A77: 35 | B77: ='Tong hop cac ma'!B77 -> 0 | C77: ='Tong hop cac ma'!C77 -> 0 | D77: =AQ77 -> 0 | E77: =+'Tong hop cac ma'!S77 -> 0 | AF77: =IFERROR(SUM(F77:AC77)*0.2,0) -> 0 | AH77: A | AI77: =IFERROR(130*D77,0) -> 0 | AJ77: {=IFERROR(SUM(_xlfn._xlws.FILTER(E77:AI77,ISNUMBER(E77:AI77))),0)} -> 0 | AL77: =IFERROR(AJ77*(1+AK77%),0) -> 0 | AN77: =IFERROR(SUM(E77:AC77)/D77,0) -> 0 | AY77: =IFERROR((AQ77*20)/60,0) -> 0 | AZ77: =IFERROR(AX77 + AY77 + BI77,0) -> 0 | BA77: =IFERROR(AZ77/8,0) -> 0 | BB77: =IFERROR(MAX(AQ77-BA77,0),0) -> 0 | BD77: =IFERROR(10000*D77,0) -> 0 | BG77: =IFERROR(-IF(AH77=$K$3,0,IF(AH77=$M$3,15*680*D77,IF(AH77=$O$3,30*680*D77,IF(AH77=0,50*680*D77,0)))),0) -> 0
B78: ='Tong hop cac ma'!B78 -> 0 | C78: ='Tong hop cac ma'!C78 -> 0 | D78: =AQ78 -> 0
A79: 36 | B79: ='Tong hop cac ma'!B79 -> 0 | C79: ='Tong hop cac ma'!C79 -> 0 | D79: =AQ79 -> 0 | E79: =+'Tong hop cac ma'!S79 -> 0 | AF79: =IFERROR(SUM(F79:AC79)*0.2,0) -> 0 | AH79: A | AI79: =IFERROR(130*D79,0) -> 0 | AJ79: {=IFERROR(SUM(_xlfn._xlws.FILTER(E79:AI79,ISNUMBER(E79:AI79))),0)} -> 0 | AL79: =IFERROR(AJ79*(1+AK79%),0) -> 0 | AN79: =IFERROR(SUM(E79:AC79)/D79,0) -> 0 | AY79: =IFERROR((AQ79*20)/60,0) -> 0 | AZ79: =IFERROR(AX79 + AY79 + BI79,0) -> 0 | BA79: =IFERROR(AZ79/8,0) -> 0 | BB79: =IFERROR(MAX(AQ79-BA79,0),0) -> 0 | BD79: =IFERROR(10000*D79,0) -> 0 | BG79: =IFERROR(-IF(AH79=$K$3,0,IF(AH79=$M$3,15*680*D79,IF(AH79=$O$3,30*680*D79,IF(AH79=0,50*680*D79,0)))),0) -> 0
B80: ='Tong hop cac ma'!B80 -> 0 | C80: ='Tong hop cac ma'!C80 -> 0 | D80: =AQ80 -> 0
A81: 37 | B81: ='Tong hop cac ma'!B81 -> 0 | C81: ='Tong hop cac ma'!C81 -> 0 | D81: =AQ81 -> 0 | E81: =+'Tong hop cac ma'!S81 -> 0 | AF81: =IFERROR(SUM(F81:AC81)*0.2,0) -> 0 | AH81: A | AI81: =IFERROR(130*D81,0) -> 0 | AJ81: {=IFERROR(SUM(_xlfn._xlws.FILTER(E81:AI81,ISNUMBER(E81:AI81))),0)} -> 0 | AL81: =IFERROR(AJ81*(1+AK81%),0) -> 0 | AN81: =IFERROR(SUM(E81:AC81)/D81,0) -> 0 | AY81: =IFERROR((AQ81*20)/60,0) -> 0 | AZ81: =IFERROR(AX81 + AY81 + BI81,0) -> 0 | BA81: =IFERROR(AZ81/8,0) -> 0 | BB81: =IFERROR(MAX(AQ81-BA81,0),0) -> 0 | BD81: =IFERROR(10000*D81,0) -> 0 | BG81: =IFERROR(-IF(AH81=$K$3,0,IF(AH81=$M$3,15*680*D81,IF(AH81=$O$3,30*680*D81,IF(AH81=0,50*680*D81,0)))),0) -> 0
B82: ='Tong hop cac ma'!B82 -> 0 | C82: ='Tong hop cac ma'!C82 -> 0 | D82: =AQ82 -> 0
A83: 38 | B83: ='Tong hop cac ma'!B83 -> 0 | C83: ='Tong hop cac ma'!C83 -> 0 | D83: =AQ83 -> 0 | E83: =+'Tong hop cac ma'!S83 -> 0 | AF83: =IFERROR(SUM(F83:AC83)*0.2,0) -> 0 | AH83: A | AI83: =IFERROR(130*D83,0) -> 0 | AJ83: {=IFERROR(SUM(_xlfn._xlws.FILTER(E83:AI83,ISNUMBER(E83:AI83))),0)} -> 0 | AL83: =IFERROR(AJ83*(1+AK83%),0) -> 0 | AN83: =IFERROR(SUM(E83:AC83)/D83,0) -> 0 | AY83: =IFERROR((AQ83*20)/60,0) -> 0 | AZ83: =IFERROR(AX83 + AY83 + BI83,0) -> 0 | BA83: =IFERROR(AZ83/8,0) -> 0 | BB83: =IFERROR(MAX(AQ83-BA83,0),0) -> 0 | BD83: =IFERROR(10000*D83,0) -> 0 | BG83: =IFERROR(-IF(AH83=$K$3,0,IF(AH83=$M$3,15*680*D83,IF(AH83=$O$3,30*680*D83,IF(AH83=0,50*680*D83,0)))),0) -> 0
B84: ='Tong hop cac ma'!B84 -> 0 | C84: ='Tong hop cac ma'!C84 -> 0 | D84: =AQ84 -> 0
A85: 39 | B85: ='Tong hop cac ma'!B85 -> 0 | C85: ='Tong hop cac ma'!C85 -> 0 | D85: =AQ85 -> 0 | E85: =+'Tong hop cac ma'!S85 -> 0 | AF85: =IFERROR(SUM(F85:AC85)*0.2,0) -> 0 | AH85: A | AI85: =IFERROR(130*D85,0) -> 0 | AJ85: {=IFERROR(SUM(_xlfn._xlws.FILTER(E85:AI85,ISNUMBER(E85:AI85))),0)} -> 0 | AL85: =IFERROR(AJ85*(1+AK85%),0) -> 0 | AN85: =IFERROR(SUM(E85:AC85)/D85,0) -> 0 | AY85: =IFERROR((AQ85*20)/60,0) -> 0 | AZ85: =IFERROR(AX85 + AY85 + BI85,0) -> 0 | BA85: =IFERROR(AZ85/8,0) -> 0 | BB85: =IFERROR(MAX(AQ85-BA85,0),0) -> 0 | BD85: =IFERROR(10000*D85,0) -> 0 | BG85: =IFERROR(-IF(AH85=$K$3,0,IF(AH85=$M$3,15*680*D85,IF(AH85=$O$3,30*680*D85,IF(AH85=0,50*680*D85,0)))),0) -> 0
B86: ='Tong hop cac ma'!B86 -> 0 | C86: ='Tong hop cac ma'!C86 -> 0 | D86: =AQ86 -> 0
A87: 40 | B87: ='Tong hop cac ma'!B87 -> 0 | C87: ='Tong hop cac ma'!C87 -> 0 | D87: =AQ87 -> 0 | E87: =+'Tong hop cac ma'!S87 -> 0 | AF87: =IFERROR(SUM(F87:AC87)*0.2,0) -> 0 | AH87: A | AI87: =IFERROR(130*D87,0) -> 0 | AJ87: {=IFERROR(SUM(_xlfn._xlws.FILTER(E87:AI87,ISNUMBER(E87:AI87))),0)} -> 0 | AL87: =IFERROR(AJ87*(1+AK87%),0) -> 0 | AN87: =IFERROR(SUM(E87:AC87)/D87,0) -> 0 | AY87: =IFERROR((AQ87*20)/60,0) -> 0 | AZ87: =IFERROR(AX87 + AY87 + BI87,0) -> 0 | BA87: =IFERROR(AZ87/8,0) -> 0 | BB87: =IFERROR(MAX(AQ87-BA87,0),0) -> 0 | BD87: =IFERROR(10000*D87,0) -> 0 | BG87: =IFERROR(-IF(AH87=$K$3,0,IF(AH87=$M$3,15*680*D87,IF(AH87=$O$3,30*680*D87,IF(AH87=0,50*680*D87,0)))),0) -> 0
B88: ='Tong hop cac ma'!B88 -> 0 | C88: ='Tong hop cac ma'!C88 -> 0 | D88: =AQ88 -> 0
A89: 41 | B89: ='Tong hop cac ma'!B89 -> 0 | C89: ='Tong hop cac ma'!C89 -> 0 | D89: =AQ89 -> 0 | E89: =+'Tong hop cac ma'!S89 -> 0 | AF89: =IFERROR(SUM(F89:AC89)*0.2,0) -> 0 | AH89: A | AI89: =IFERROR(130*D89,0) -> 0 | AJ89: {=IFERROR(SUM(_xlfn._xlws.FILTER(E89:AI89,ISNUMBER(E89:AI89))),0)} -> 0 | AL89: =IFERROR(AJ89*(1+AK89%),0) -> 0 | AN89: =IFERROR(SUM(E89:AC89)/D89,0) -> 0 | AY89: =IFERROR((AQ89*20)/60,0) -> 0 | AZ89: =IFERROR(AX89 + AY89 + BI89,0) -> 0 | BA89: =IFERROR(AZ89/8,0) -> 0 | BB89: =IFERROR(MAX(AQ89-BA89,0),0) -> 0 | BD89: =IFERROR(10000*D89,0) -> 0 | BG89: =IFERROR(-IF(AH89=$K$3,0,IF(AH89=$M$3,15*680*D89,IF(AH89=$O$3,30*680*D89,IF(AH89=0,50*680*D89,0)))),0) -> 0
B90: ='Tong hop cac ma'!B90 -> 0 | C90: ='Tong hop cac ma'!C90 -> 0 | D90: =AQ90 -> 0
A91: 42 | B91: ='Tong hop cac ma'!B91 -> 0 | C91: ='Tong hop cac ma'!C91 -> 0 | D91: =AQ91 -> 0 | E91: =+'Tong hop cac ma'!S91 -> 0 | AF91: =IFERROR(SUM(F91:AC91)*0.2,0) -> 0 | AH91: A | AI91: =IFERROR(130*D91,0) -> 0 | AJ91: {=IFERROR(SUM(_xlfn._xlws.FILTER(E91:AI91,ISNUMBER(E91:AI91))),0)} -> 0 | AL91: =IFERROR(AJ91*(1+AK91%),0) -> 0 | AN91: =IFERROR(SUM(E91:AC91)/D91,0) -> 0 | AY91: =IFERROR((AQ91*20)/60,0) -> 0 | AZ91: =IFERROR(AX91 + AY91 + BI91,0) -> 0 | BA91: =IFERROR(AZ91/8,0) -> 0 | BB91: =IFERROR(MAX(AQ91-BA91,0),0) -> 0 | BD91: =IFERROR(10000*D91,0) -> 0 | BG91: =IFERROR(-IF(AH91=$K$3,0,IF(AH91=$M$3,15*680*D91,IF(AH91=$O$3,30*680*D91,IF(AH91=0,50*680*D91,0)))),0) -> 0
B92: ='Tong hop cac ma'!B92 -> 0 | C92: ='Tong hop cac ma'!C92 -> 0 | D92: =AQ92 -> 0
A93: 43 | B93: ='Tong hop cac ma'!B93 -> 0 | C93: ='Tong hop cac ma'!C93 -> 0 | D93: =AQ93 -> 0 | E93: =+'Tong hop cac ma'!S93 -> 0 | AF93: =IFERROR(SUM(F93:AC93)*0.2,0) -> 0 | AH93: A | AI93: =IFERROR(130*D93,0) -> 0 | AJ93: {=IFERROR(SUM(_xlfn._xlws.FILTER(E93:AI93,ISNUMBER(E93:AI93))),0)} -> 0 | AL93: =IFERROR(AJ93*(1+AK93%),0) -> 0 | AN93: =IFERROR(SUM(E93:AC93)/D93,0) -> 0 | AY93: =IFERROR((AQ93*20)/60,0) -> 0 | AZ93: =IFERROR(AX93 + AY93 + BI93,0) -> 0 | BA93: =IFERROR(AZ93/8,0) -> 0 | BB93: =IFERROR(MAX(AQ93-BA93,0),0) -> 0 | BD93: =IFERROR(10000*D93,0) -> 0 | BG93: =IFERROR(-IF(AH93=$K$3,0,IF(AH93=$M$3,15*680*D93,IF(AH93=$O$3,30*680*D93,IF(AH93=0,50*680*D93,0)))),0) -> 0
B94: ='Tong hop cac ma'!B94 -> 0 | C94: ='Tong hop cac ma'!C94 -> 0 | D94: =AQ94 -> 0
A95: 44 | B95: ='Tong hop cac ma'!B95 -> 0 | C95: ='Tong hop cac ma'!C95 -> 0 | D95: =AQ95 -> 0 | E95: =+'Tong hop cac ma'!S95 -> 0 | AF95: =IFERROR(SUM(F95:AC95)*0.2,0) -> 0 | AH95: A | AI95: =IFERROR(130*D95,0) -> 0 | AJ95: {=IFERROR(SUM(_xlfn._xlws.FILTER(E95:AI95,ISNUMBER(E95:AI95))),0)} -> 0 | AL95: =IFERROR(AJ95*(1+AK95%),0) -> 0 | AN95: =IFERROR(SUM(E95:AC95)/D95,0) -> 0 | AY95: =IFERROR((AQ95*20)/60,0) -> 0 | AZ95: =IFERROR(AX95 + AY95 + BI95,0) -> 0 | BA95: =IFERROR(AZ95/8,0) -> 0 | BB95: =IFERROR(MAX(AQ95-BA95,0),0) -> 0 | BD95: =IFERROR(10000*D95,0) -> 0 | BG95: =IFERROR(-IF(AH95=$K$3,0,IF(AH95=$M$3,15*680*D95,IF(AH95=$O$3,30*680*D95,IF(AH95=0,50*680*D95,0)))),0) -> 0
B96: ='Tong hop cac ma'!B96 -> 0 | C96: ='Tong hop cac ma'!C96 -> 0 | D96: =AQ96 -> 0
A97: 45 | B97: ='Tong hop cac ma'!B97 -> 0 | C97: ='Tong hop cac ma'!C97 -> 0 | D97: =AQ97 -> 0 | E97: =+'Tong hop cac ma'!S97 -> 0 | AF97: =IFERROR(SUM(F97:AC97)*0.2,0) -> 0 | AH97: A | AI97: =IFERROR(130*D97,0) -> 0 | AJ97: {=IFERROR(SUM(_xlfn._xlws.FILTER(E97:AI97,ISNUMBER(E97:AI97))),0)} -> 0 | AL97: =IFERROR(AJ97*(1+AK97%),0) -> 0 | AN97: =IFERROR(SUM(E97:AC97)/D97,0) -> 0 | AY97: =IFERROR((AQ97*20)/60,0) -> 0 | AZ97: =IFERROR(AX97 + AY97 + BI97,0) -> 0 | BA97: =IFERROR(AZ97/8,0) -> 0 | BB97: =IFERROR(MAX(AQ97-BA97,0),0) -> 0 | BD97: =IFERROR(10000*D97,0) -> 0 | BG97: =IFERROR(-IF(AH97=$K$3,0,IF(AH97=$M$3,15*680*D97,IF(AH97=$O$3,30*680*D97,IF(AH97=0,50*680*D97,0)))),0) -> 0
B98: ='Tong hop cac ma'!B98 -> 0 | C98: ='Tong hop cac ma'!C98 -> 0 | D98: =AQ98 -> 0
A99: 46 | B99: ='Tong hop cac ma'!B99 -> 0 | C99: ='Tong hop cac ma'!C99 -> 0 | D99: =AQ99 -> 0 | E99: =+'Tong hop cac ma'!S99 -> 0 | AF99: =IFERROR(SUM(F99:AC99)*0.2,0) -> 0 | AH99: A | AI99: =IFERROR(130*D99,0) -> 0 | AJ99: {=IFERROR(SUM(_xlfn._xlws.FILTER(E99:AI99,ISNUMBER(E99:AI99))),0)} -> 0 | AL99: =IFERROR(AJ99*(1+AK99%),0) -> 0 | AN99: =IFERROR(SUM(E99:AC99)/D99,0) -> 0 | AY99: =IFERROR((AQ99*20)/60,0) -> 0 | AZ99: =IFERROR(AX99 + AY99 + BI99,0) -> 0 | BA99: =IFERROR(AZ99/8,0) -> 0 | BB99: =IFERROR(MAX(AQ99-BA99,0),0) -> 0 | BD99: =IFERROR(10000*D99,0) -> 0 | BG99: =IFERROR(-IF(AH99=$K$3,0,IF(AH99=$M$3,15*680*D99,IF(AH99=$O$3,30*680*D99,IF(AH99=0,50*680*D99,0)))),0) -> 0
B100: ='Tong hop cac ma'!B100 -> 0 | C100: ='Tong hop cac ma'!C100 -> 0 | D100: =AQ100 -> 0
A101: 47 | B101: ='Tong hop cac ma'!B101 -> 0 | C101: ='Tong hop cac ma'!C101 -> 0 | D101: =AQ101 -> 0 | E101: =+'Tong hop cac ma'!S101 -> 0 | AF101: =IFERROR(SUM(F101:AC101)*0.2,0) -> 0 | AH101: A | AI101: =IFERROR(130*D101,0) -> 0 | AJ101: {=IFERROR(SUM(_xlfn._xlws.FILTER(E101:AI101,ISNUMBER(E101:AI101))),0)} -> 0 | AL101: =IFERROR(AJ101*(1+AK101%),0) -> 0 | AN101: =IFERROR(SUM(E101:AC101)/D101,0) -> 0 | AY101: =IFERROR((AQ101*20)/60,0) -> 0 | AZ101: =IFERROR(AX101 + AY101 + BI101,0) -> 0 | BA101: =IFERROR(AZ101/8,0) -> 0 | BB101: =IFERROR(MAX(AQ101-BA101,0),0) -> 0 | BD101: =IFERROR(10000*D101,0) -> 0 | BG101: =IFERROR(-IF(AH101=$K$3,0,IF(AH101=$M$3,15*680*D101,IF(AH101=$O$3,30*680*D101,IF(AH101=0,50*680*D101,0)))),0) -> 0
B102: ='Tong hop cac ma'!B102 -> 0 | C102: ='Tong hop cac ma'!C102 -> 0 | D102: =AQ102 -> 0
A103: 48 | B103: ='Tong hop cac ma'!B103 -> 0 | C103: ='Tong hop cac ma'!C103 -> 0 | D103: =AQ103 -> 0 | E103: =+'Tong hop cac ma'!S103 -> 0 | AF103: =IFERROR(SUM(F103:AC103)*0.2,0) -> 0 | AH103: A | AI103: =IFERROR(130*D103,0) -> 0 | AJ103: {=IFERROR(SUM(_xlfn._xlws.FILTER(E103:AI103,ISNUMBER(E103:AI103))),0)} -> 0 | AL103: =IFERROR(AJ103*(1+AK103%),0) -> 0 | AN103: =IFERROR(SUM(E103:AC103)/D103,0) -> 0 | AY103: =IFERROR((AQ103*20)/60,0) -> 0 | AZ103: =IFERROR(AX103 + AY103 + BI103,0) -> 0 | BA103: =IFERROR(AZ103/8,0) -> 0 | BB103: =IFERROR(MAX(AQ103-BA103,0),0) -> 0 | BD103: =IFERROR(10000*D103,0) -> 0 | BG103: =IFERROR(-IF(AH103=$K$3,0,IF(AH103=$M$3,15*680*D103,IF(AH103=$O$3,30*680*D103,IF(AH103=0,50*680*D103,0)))),0) -> 0
...

Sheet LƯƠNG Tx
A1: CN CÔNG TY TNHH S&D TẠI THANH HOÁ
A2: Tổ may: | O2: BẢNG CHI TIẾT THANH TOÁN LƯƠNG
O3: Tháng 03 năm 2026
F4: PC: | I4: 1
A5: Stt | B5: Họ và tên | C5: Mã Số | D5: Ngày tiếp nhận/ Mức lương CB | F5: Tổng giây | I5: Tiền lương | Q5: Các khoản hỗ trợ | Z5: Bù lương | AA5: Trừ PLLĐ | AB5: Tổng cộng | AC5: Khấu trừ | AE5: Thực lĩnh | AF5: Ký nhận | AG5: Công T02 | AH5: Lương T02 | AI5: BQT02 | AJ5: BQT03 | AK5: So sánh | AL5: Tổng lương thực tế
I6: Sản phẩm HC | J6: Thêm giờ | K6: Phép | L6: Lễ, tết | M6: Học, họp | N6: Mang thai + Con nhỏ | O6: Vắt sữa | P6: Nghỉ ngắn+Phụ nữ | Q6: Chuyên cần | R6: Xăng xe | S6: Đi lại | T6: Nuôi con nhỏ+ATV | U6: Thưởng HTCV | V6: Thưởng theo KQKD | W6: Ăn ca | X6: bï l­¬ng SP | Y6: bï l­¬ng Thªm giê | AC6: BHXH, BHYT, BHTN | AD6: CĐ
A7: 1 | B7: 2 | C7: 3 | D7: 4 | F7: 5 | I7: 6 | J7: 7 | K7: 8 | L7: 9 | M7: 10 | N7: 11 | O7: 12 | P7: 13 | Q7: 14 | R7: 15 | S7: 16 | T7: 17 | U7: 18 | V7: 19 | W7: 20 | X7: 21 | Y7: 22 | Z7: 23 | AA7: 24 | AB7: 25 | AC7: 26 | AD7: 27 | AE7: 28 | AF7: 29 | AG7: 30 | AH7: 31 | AI7: 32=31/30 | AJ7: 33=35/29 | AK7: 34=33/32 | AL7: 35=25-9
A8: 1 | B8: ='Bang TH nop'!B9 -> 0 | C8: =IFERROR(IF(LEN(TRIM(B8))>0,'Bang TH nop'!C9,""),"") -> 0 | D8: =IFERROR(IF(AND(LEN(TRIM(B8))>0,LEN(TRIM(C8))>0),'Bang TH nop'!AO9,""),"") -> 0 | I8: =IFERROR(IF(AND(LEN(TRIM(B8))>0,LEN(TRIM(C8))>0),'Bang TH nop'!BB9,0),0) -> 0 | J8: =IFERROR(IF(AND(LEN(TRIM(B8))>0,LEN(TRIM(C8))>0),'Bang TH nop'!AV9,0),0) -> 0 | K8: =IFERROR(IF(AND(LEN(TRIM(B8))>0,LEN(TRIM(C8))>0),'Bang TH nop'!AR9,0),0) -> 0 | L8: =IFERROR(IF(AND(LEN(TRIM(B8))>0,LEN(TRIM(C8))>0),'Bang TH nop'!AS9,0),0) -> 0 | M8: =IFERROR(IF(AND(LEN(TRIM(B8))>0,LEN(TRIM(C8))>0),'Bang TH nop'!AT9,0),0) -> 0 | N8: =IFERROR(IF(AND(LEN(TRIM(B8))>0,LEN(TRIM(C8))>0),'Bang TH nop'!AU9,0),0) -> 0 | O8: =IFERROR(IF(AND(LEN(TRIM(B8))>0,LEN(TRIM(C8))>0),'Bang TH nop'!BE9,0),0) -> 0 | P8: =IFERROR(IF(AND(LEN(TRIM(B8))>0,LEN(TRIM(C8))>0),'Bang TH nop'!AZ9,0),0) -> 0 | AA8: =IFERROR( IF(AND(LEN(TRIM(B8))>0,LEN(TRIM(C8))>0), 'Bang TH nop'!AH9, 0 ), 0 ) -> A
D9: =IFERROR(IF(AND(LEN(TRIM(B8))>0,LEN(TRIM(C8))>0),'Bang TH nop'!AP9,""),"") -> 0 | F9: =IFERROR(IF(AND(LEN(TRIM(B8))>0,LEN(TRIM(C8))>0),'Bang TH nop'!AL9,0),0) -> 0 | G9: =D9*I8/26 -> 0 | H9: =D9*J8*150%/(26*8) -> 0 | K9: =IFERROR( IF(AND(LEN(TRIM(B8))>0,LEN(TRIM(C8))>0), ROUND(D9/26*K8,0), 0 ), 0 ) -> 0 | L9: =IFERROR( IF(AND(LEN(TRIM(B8))>0,LEN(TRIM(C8))>0), ROUND(D9/26*L8,0), 0 ), 0 ) -> 0 | M9: =IFERROR( IF(AND(LEN(TRIM(B8))>0,LEN(TRIM(C8))>0), ROUND(D9/26*M8,0), 0 ), 0 ) -> 0 | N9: =IFERROR( IF(AND(LEN(TRIM(B8))>0,LEN(TRIM(C8))>0), D9*N8/(26*8), 0 ), 0 ) -> 0 | O9: =IFERROR( IF(AND(LEN(TRIM(B8))>0,LEN(TRIM(C8))>0), D9*O8/(26*8), 0 ), 0 ) -> 0 | P9: =IFERROR( IF(AND(LEN(TRIM(B8))>0,LEN(TRIM(C8))>0), (D9/26/8*P8), 0 ), 0 ) -> 0 | Q9: =IFERROR( IF(AND(LEN(TRIM(B8))>0,LEN(TRIM(C8))>0), 'Bang TH nop'!BC9, 0 ), 0 ) -> 0 | R9: =IFERROR( IF(AND(LEN(TRIM(B8))>0,LEN(TRIM(C8))>0), 'Bang TH nop'!BD9, 0 ), 0 ) -> 0 | S9: =IFERROR( IF(AND(LEN(TRIM(B8))>0,LEN(TRIM(C8))>0), 'Bang TH nop'!BJ9, 0 ), 0 ) -> 0 | T9: =IFERROR( IF(AND(LEN(TRIM(B8))>0,LEN(TRIM(C8))>0), IFERROR('Bang TH nop'!AW9,0)+IFERROR('Bang TH nop'!BH9,0), 0 ), 0 ) -> 0 | X9: =+IF(G9-I9<0,0,G9-I9) -> 0 | Y9: =+IF(H9-J9<0,0, H9-J9) -> 0 | Z9: =IFERROR( IF(AND(LEN(TRIM(B8))>0,LEN(TRIM(C8))>0), (X9+Y9)*25%, 0 ), 0 ) -> 0 | AA9: =IFERROR( IF(AND(LEN(TRIM(B8))>0,LEN(TRIM(C8))>0), 'Bang TH nop'!BG9, 0 ), 0 ) -> 0 | AB9: =IFERROR( IF(AND(LEN(TRIM(B8))>0,LEN(TRIM(C8))>0), SUM(I9:W9)+IFERROR(Z9,0)+IFERROR(AA9,0), 0 ), 0 ) -> 0 | AC9: =IFERROR( IF(AND(LEN(TRIM(B8))>0,LEN(TRIM(C8))>0), IF((26-(IFERROR(I8,0)+IFERROR(K8,0)+IFERROR(L8,0)+IFERROR(M8,0)))>12,0,D9*10.5%), 0 ), 0 ) -> 0 | AD9: =IFERROR( IF(AND(LEN(TRIM(B8))>0,LEN(TRIM(C8))>0), ROUND(IF(D9=4939000,D9*0.5%,0),-2), 0 ), 0 ) -> 0 | AE9: =IFERROR( IF(AND(LEN(TRIM(B8))>0,LEN(TRIM(C8))>0), ROUND(IFERROR(AB9,0)-IFERROR(AC9,0)-IFERROR(AD9,0),-2), 0 ), 0 ) -> 0 | AF9: =IFERROR( IF(AND(LEN(TRIM(B8))>0,LEN(TRIM(C8))>0), IFERROR('Bang TH nop'!AQ9,0)+IFERROR('Bang TH nop'!AT9,0)+IFERROR('Bang TH nop'!BF9,0), 0 ), 0 ) -> 0 | AI9: =IFERROR( IF(AND(LEN(TRIM(B8))>0,LEN(TRIM(C8))>0), AH9/AG9, 0 ), 0 ) -> 0 | AJ9: =IFERROR( IF(AND(LEN(TRIM(B8))>0,LEN(TRIM(C8))>0), AL9/AF9, 0 ), 0 ) -> 0 | AK9: =IFERROR( IF(AND(LEN(TRIM(B8))>0,LEN(TRIM(C8))>0), AJ9/AI9, 0 ), 0 ) -> 0 | AL9: =IFERROR( IF(AND(LEN(TRIM(B8))>0,LEN(TRIM(C8))>0), AB9/L9, 0 ), 0 ) -> 0
A10: =A8+1 -> 2 | B10: ='Bang TH nop'!B11 -> 0 | C10: =IFERROR(IF(LEN(TRIM(B10))>0,'Bang TH nop'!C11,""),"") -> 0 | D10: =IFERROR(IF(AND(LEN(TRIM(B10))>0,LEN(TRIM(C10))>0),'Bang TH nop'!AO11,""),"") -> 0 | I10: =IFERROR(IF(AND(LEN(TRIM(B10))>0,LEN(TRIM(C10))>0),'Bang TH nop'!BB11,0),0) -> 0 | J10: =IFERROR(IF(AND(LEN(TRIM(B10))>0,LEN(TRIM(C10))>0),'Bang TH nop'!AV11,0),0) -> 0 | K10: =IFERROR(IF(AND(LEN(TRIM(B10))>0,LEN(TRIM(C10))>0),'Bang TH nop'!AR11,0),0) -> 0 | L10: =IFERROR(IF(AND(LEN(TRIM(B10))>0,LEN(TRIM(C10))>0),'Bang TH nop'!AS11,0),0) -> 0 | M10: =IFERROR(IF(AND(LEN(TRIM(B10))>0,LEN(TRIM(C10))>0),'Bang TH nop'!AT11,0),0) -> 0 | N10: =IFERROR(IF(AND(LEN(TRIM(B10))>0,LEN(TRIM(C10))>0),'Bang TH nop'!AU11,0),0) -> 0 | O10: =IFERROR(IF(AND(LEN(TRIM(B10))>0,LEN(TRIM(C10))>0),'Bang TH nop'!BE11,0),0) -> 0 | P10: =IFERROR(IF(AND(LEN(TRIM(B10))>0,LEN(TRIM(C10))>0),'Bang TH nop'!AZ11,0),0) -> 0 | AA10: =IFERROR( IF(AND(LEN(TRIM(B10))>0,LEN(TRIM(C10))>0), 'Bang TH nop'!AH11, 0 ), 0 ) -> A
D11: =IFERROR(IF(AND(LEN(TRIM(B10))>0,LEN(TRIM(C10))>0),'Bang TH nop'!AP11,""),"") -> 0 | F11: =IFERROR(IF(AND(LEN(TRIM(B10))>0,LEN(TRIM(C10))>0),'Bang TH nop'!AL11,0),0) -> 0 | G11: =D11*I10/26 -> 0 | H11: =D11*J10*150%/(26*8) -> 0 | K11: =IFERROR( IF(AND(LEN(TRIM(B10))>0,LEN(TRIM(C10))>0), ROUND(D11/26*K10,0), 0 ), 0 ) -> 0 | L11: =IFERROR( IF(AND(LEN(TRIM(B10))>0,LEN(TRIM(C10))>0), ROUND(D11/26*L10,0), 0 ), 0 ) -> 0 | M11: =IFERROR( IF(AND(LEN(TRIM(B10))>0,LEN(TRIM(C10))>0), ROUND(D11/26*M10,0), 0 ), 0 ) -> 0 | N11: =IFERROR( IF(AND(LEN(TRIM(B10))>0,LEN(TRIM(C10))>0), D11*N10/(26*8), 0 ), 0 ) -> 0 | O11: =IFERROR( IF(AND(LEN(TRIM(B10))>0,LEN(TRIM(C10))>0), D11*O10/(26*8), 0 ), 0 ) -> 0 | P11: =IFERROR( IF(AND(LEN(TRIM(B10))>0,LEN(TRIM(C10))>0), (D11/26/8*P10), 0 ), 0 ) -> 0 | Q11: =IFERROR( IF(AND(LEN(TRIM(B10))>0,LEN(TRIM(C10))>0), 'Bang TH nop'!BC11, 0 ), 0 ) -> 0 | R11: =IFERROR( IF(AND(LEN(TRIM(B10))>0,LEN(TRIM(C10))>0), 'Bang TH nop'!BD11, 0 ), 0 ) -> 0 | S11: =IFERROR( IF(AND(LEN(TRIM(B10))>0,LEN(TRIM(C10))>0), 'Bang TH nop'!BJ11, 0 ), 0 ) -> 0 | T11: =IFERROR( IF(AND(LEN(TRIM(B10))>0,LEN(TRIM(C10))>0), IFERROR('Bang TH nop'!AW11,0)+IFERROR('Bang TH nop'!BH11,0), 0 ), 0 ) -> 0 | X11: =+IF(G11-I11<0,0,G11-I11) -> 0 | Y11: =+IF(H11-J11<0,0, H11-J11) -> 0 | Z11: =IFERROR( IF(AND(LEN(TRIM(B10))>0,LEN(TRIM(C10))>0), (X11+Y11)*25%, 0 ), 0 ) -> 0 | AA11: =IFERROR( IF(AND(LEN(TRIM(B10))>0,LEN(TRIM(C10))>0), 'Bang TH nop'!BG11, 0 ), 0 ) -> 0 | AB11: =IFERROR( IF(AND(LEN(TRIM(B10))>0,LEN(TRIM(C10))>0), SUM(I11:W11)+IFERROR(Z11,0)+IFERROR(AA11,0), 0 ), 0 ) -> 0 | AC11: =IFERROR( IF(AND(LEN(TRIM(B10))>0,LEN(TRIM(C10))>0), IF((26-(IFERROR(I10,0)+IFERROR(K10,0)+IFERROR(L10,0)+IFERROR(M10,0)))>12,0,D11*10.5%), 0 ), 0 ) -> 0 | AD11: =IFERROR( IF(AND(LEN(TRIM(B10))>0,LEN(TRIM(C10))>0), ROUND(IF(D11=4939000,D11*0.5%,0),-2), 0 ), 0 ) -> 0 | AE11: =IFERROR( IF(AND(LEN(TRIM(B10))>0,LEN(TRIM(C10))>0), ROUND(IFERROR(AB11,0)-IFERROR(AC11,0)-IFERROR(AD11,0),-2), 0 ), 0 ) -> 0 | AF11: =IFERROR( IF(AND(LEN(TRIM(B10))>0,LEN(TRIM(C10))>0), IFERROR('Bang TH nop'!AQ11,0)+IFERROR('Bang TH nop'!AT11,0)+IFERROR('Bang TH nop'!BF11,0), 0 ), 0 ) -> 0 | AI11: =IFERROR( IF(AND(LEN(TRIM(B10))>0,LEN(TRIM(C10))>0), AH11/AG11, 0 ), 0 ) -> 0 | AJ11: =IFERROR( IF(AND(LEN(TRIM(B10))>0,LEN(TRIM(C10))>0), AL11/AF11, 0 ), 0 ) -> 0 | AK11: =IFERROR( IF(AND(LEN(TRIM(B10))>0,LEN(TRIM(C10))>0), AJ11/AI11, 0 ), 0 ) -> 0 | AL11: =IFERROR( IF(AND(LEN(TRIM(B10))>0,LEN(TRIM(C10))>0), AB11/L11, 0 ), 0 ) -> 0
A12: =A10+1 -> 3 | B12: ='Bang TH nop'!B13 -> 0 | C12: =IFERROR(IF(LEN(TRIM(B12))>0,'Bang TH nop'!C13,""),"") -> 0 | D12: =IFERROR(IF(AND(LEN(TRIM(B12))>0,LEN(TRIM(C12))>0),'Bang TH nop'!AO13,""),"") -> 0 | I12: =IFERROR(IF(AND(LEN(TRIM(B12))>0,LEN(TRIM(C12))>0),'Bang TH nop'!BB13,0),0) -> 0 | J12: =IFERROR(IF(AND(LEN(TRIM(B12))>0,LEN(TRIM(C12))>0),'Bang TH nop'!AV13,0),0) -> 0 | K12: =IFERROR(IF(AND(LEN(TRIM(B12))>0,LEN(TRIM(C12))>0),'Bang TH nop'!AR13,0),0) -> 0 | L12: =IFERROR(IF(AND(LEN(TRIM(B12))>0,LEN(TRIM(C12))>0),'Bang TH nop'!AS13,0),0) -> 0 | M12: =IFERROR(IF(AND(LEN(TRIM(B12))>0,LEN(TRIM(C12))>0),'Bang TH nop'!AT13,0),0) -> 0 | N12: =IFERROR(IF(AND(LEN(TRIM(B12))>0,LEN(TRIM(C12))>0),'Bang TH nop'!AU13,0),0) -> 0 | O12: =IFERROR(IF(AND(LEN(TRIM(B12))>0,LEN(TRIM(C12))>0),'Bang TH nop'!BE13,0),0) -> 0 | P12: =IFERROR(IF(AND(LEN(TRIM(B12))>0,LEN(TRIM(C12))>0),'Bang TH nop'!AZ13,0),0) -> 0 | AA12: =IFERROR( IF(AND(LEN(TRIM(B12))>0,LEN(TRIM(C12))>0), 'Bang TH nop'!AH13, 0 ), 0 ) -> A
D13: =IFERROR(IF(AND(LEN(TRIM(B12))>0,LEN(TRIM(C12))>0),'Bang TH nop'!AP13,""),"") -> 0 | F13: =IFERROR(IF(AND(LEN(TRIM(B12))>0,LEN(TRIM(C12))>0),'Bang TH nop'!AL13,0),0) -> 0 | G13: =D13*I12/26 -> 0 | H13: =D13*J12*150%/(26*8) -> 0 | K13: =IFERROR( IF(AND(LEN(TRIM(B12))>0,LEN(TRIM(C12))>0), ROUND(D13/26*K12,0), 0 ), 0 ) -> 0 | L13: =IFERROR( IF(AND(LEN(TRIM(B12))>0,LEN(TRIM(C12))>0), ROUND(D13/26*L12,0), 0 ), 0 ) -> 0 | M13: =IFERROR( IF(AND(LEN(TRIM(B12))>0,LEN(TRIM(C12))>0), ROUND(D13/26*M12,0), 0 ), 0 ) -> 0 | N13: =IFERROR( IF(AND(LEN(TRIM(B12))>0,LEN(TRIM(C12))>0), D13*N12/(26*8), 0 ), 0 ) -> 0 | O13: =IFERROR( IF(AND(LEN(TRIM(B12))>0,LEN(TRIM(C12))>0), D13*O12/(26*8), 0 ), 0 ) -> 0 | P13: =IFERROR( IF(AND(LEN(TRIM(B12))>0,LEN(TRIM(C12))>0), (D13/26/8*P12), 0 ), 0 ) -> 0 | Q13: =IFERROR( IF(AND(LEN(TRIM(B12))>0,LEN(TRIM(C12))>0), 'Bang TH nop'!BC13, 0 ), 0 ) -> 0 | R13: =IFERROR( IF(AND(LEN(TRIM(B12))>0,LEN(TRIM(C12))>0), 'Bang TH nop'!BD13, 0 ), 0 ) -> 0 | S13: =IFERROR( IF(AND(LEN(TRIM(B12))>0,LEN(TRIM(C12))>0), 'Bang TH nop'!BJ13, 0 ), 0 ) -> 0 | T13: =IFERROR( IF(AND(LEN(TRIM(B12))>0,LEN(TRIM(C12))>0), IFERROR('Bang TH nop'!AW13,0)+IFERROR('Bang TH nop'!BH13,0), 0 ), 0 ) -> 0 | X13: =+IF(G13-I13<0,0,G13-I13) -> 0 | Y13: =+IF(H13-J13<0,0, H13-J13) -> 0 | Z13: =IFERROR( IF(AND(LEN(TRIM(B12))>0,LEN(TRIM(C12))>0), (X13+Y13)*25%, 0 ), 0 ) -> 0 | AA13: =IFERROR( IF(AND(LEN(TRIM(B12))>0,LEN(TRIM(C12))>0), 'Bang TH nop'!BG13, 0 ), 0 ) -> 0 | AB13: =IFERROR( IF(AND(LEN(TRIM(B12))>0,LEN(TRIM(C12))>0), SUM(I13:W13)+IFERROR(Z13,0)+IFERROR(AA13,0), 0 ), 0 ) -> 0 | AC13: =IFERROR( IF(AND(LEN(TRIM(B12))>0,LEN(TRIM(C12))>0), IF((26-(IFERROR(I12,0)+IFERROR(K12,0)+IFERROR(L12,0)+IFERROR(M12,0)))>12,0,D13*10.5%), 0 ), 0 ) -> 0 | AD13: =IFERROR( IF(AND(LEN(TRIM(B12))>0,LEN(TRIM(C12))>0), ROUND(IF(D13=4939000,D13*0.5%,0),-2), 0 ), 0 ) -> 0 | AE13: =IFERROR( IF(AND(LEN(TRIM(B12))>0,LEN(TRIM(C12))>0), ROUND(IFERROR(AB13,0)-IFERROR(AC13,0)-IFERROR(AD13,0),-2), 0 ), 0 ) -> 0 | AF13: =IFERROR( IF(AND(LEN(TRIM(B12))>0,LEN(TRIM(C12))>0), IFERROR('Bang TH nop'!AQ13,0)+IFERROR('Bang TH nop'!AT13,0)+IFERROR('Bang TH nop'!BF13,0), 0 ), 0 ) -> 0 | AI13: =IFERROR( IF(AND(LEN(TRIM(B12))>0,LEN(TRIM(C12))>0), AH13/AG13, 0 ), 0 ) -> 0 | AJ13: =IFERROR( IF(AND(LEN(TRIM(B12))>0,LEN(TRIM(C12))>0), AL13/AF13, 0 ), 0 ) -> 0 | AK13: =IFERROR( IF(AND(LEN(TRIM(B12))>0,LEN(TRIM(C12))>0), AJ13/AI13, 0 ), 0 ) -> 0 | AL13: =IFERROR( IF(AND(LEN(TRIM(B12))>0,LEN(TRIM(C12))>0), AB13/L13, 0 ), 0 ) -> 0
A14: =A12+1 -> 4 | B14: ='Bang TH nop'!B15 -> 0 | C14: =IFERROR(IF(LEN(TRIM(B14))>0,'Bang TH nop'!C15,""),"") -> 0 | D14: =IFERROR(IF(AND(LEN(TRIM(B14))>0,LEN(TRIM(C14))>0),'Bang TH nop'!AO15,""),"") -> 0 | I14: =IFERROR(IF(AND(LEN(TRIM(B14))>0,LEN(TRIM(C14))>0),'Bang TH nop'!BB15,0),0) -> 0 | J14: =IFERROR(IF(AND(LEN(TRIM(B14))>0,LEN(TRIM(C14))>0),'Bang TH nop'!AV15,0),0) -> 0 | K14: =IFERROR(IF(AND(LEN(TRIM(B14))>0,LEN(TRIM(C14))>0),'Bang TH nop'!AR15,0),0) -> 0 | L14: =IFERROR(IF(AND(LEN(TRIM(B14))>0,LEN(TRIM(C14))>0),'Bang TH nop'!AS15,0),0) -> 0 | M14: =IFERROR(IF(AND(LEN(TRIM(B14))>0,LEN(TRIM(C14))>0),'Bang TH nop'!AT15,0),0) -> 0 | N14: =IFERROR(IF(AND(LEN(TRIM(B14))>0,LEN(TRIM(C14))>0),'Bang TH nop'!AU15,0),0) -> 0 | O14: =IFERROR(IF(AND(LEN(TRIM(B14))>0,LEN(TRIM(C14))>0),'Bang TH nop'!BE15,0),0) -> 0 | P14: =IFERROR(IF(AND(LEN(TRIM(B14))>0,LEN(TRIM(C14))>0),'Bang TH nop'!AZ15,0),0) -> 0 | AA14: =IFERROR( IF(AND(LEN(TRIM(B14))>0,LEN(TRIM(C14))>0), 'Bang TH nop'!AH15, 0 ), 0 ) -> A
D15: =IFERROR(IF(AND(LEN(TRIM(B14))>0,LEN(TRIM(C14))>0),'Bang TH nop'!AP15,""),"") -> 0 | F15: =IFERROR(IF(AND(LEN(TRIM(B14))>0,LEN(TRIM(C14))>0),'Bang TH nop'!AL15,0),0) -> 0 | G15: =D15*I14/26 -> 0 | H15: =D15*J14*150%/(26*8) -> 0 | K15: =IFERROR( IF(AND(LEN(TRIM(B14))>0,LEN(TRIM(C14))>0), ROUND(D15/26*K14,0), 0 ), 0 ) -> 0 | L15: =IFERROR( IF(AND(LEN(TRIM(B14))>0,LEN(TRIM(C14))>0), ROUND(D15/26*L14,0), 0 ), 0 ) -> 0 | M15: =IFERROR( IF(AND(LEN(TRIM(B14))>0,LEN(TRIM(C14))>0), ROUND(D15/26*M14,0), 0 ), 0 ) -> 0 | N15: =IFERROR( IF(AND(LEN(TRIM(B14))>0,LEN(TRIM(C14))>0), D15*N14/(26*8), 0 ), 0 ) -> 0 | O15: =IFERROR( IF(AND(LEN(TRIM(B14))>0,LEN(TRIM(C14))>0), D15*O14/(26*8), 0 ), 0 ) -> 0 | P15: =IFERROR( IF(AND(LEN(TRIM(B14))>0,LEN(TRIM(C14))>0), (D15/26/8*P14), 0 ), 0 ) -> 0 | Q15: =IFERROR( IF(AND(LEN(TRIM(B14))>0,LEN(TRIM(C14))>0), 'Bang TH nop'!BC15, 0 ), 0 ) -> 0 | R15: =IFERROR( IF(AND(LEN(TRIM(B14))>0,LEN(TRIM(C14))>0), 'Bang TH nop'!BD15, 0 ), 0 ) -> 0 | S15: =IFERROR( IF(AND(LEN(TRIM(B14))>0,LEN(TRIM(C14))>0), 'Bang TH nop'!BJ15, 0 ), 0 ) -> 0 | T15: =IFERROR( IF(AND(LEN(TRIM(B14))>0,LEN(TRIM(C14))>0), IFERROR('Bang TH nop'!AW15,0)+IFERROR('Bang TH nop'!BH15,0), 0 ), 0 ) -> 0 | X15: =+IF(G15-I15<0,0,G15-I15) -> 0 | Y15: =+IF(H15-J15<0,0, H15-J15) -> 0 | Z15: =IFERROR( IF(AND(LEN(TRIM(B14))>0,LEN(TRIM(C14))>0), (X15+Y15)*25%, 0 ), 0 ) -> 0 | AA15: =IFERROR( IF(AND(LEN(TRIM(B14))>0,LEN(TRIM(C14))>0), 'Bang TH nop'!BG15, 0 ), 0 ) -> 0 | AB15: =IFERROR( IF(AND(LEN(TRIM(B14))>0,LEN(TRIM(C14))>0), SUM(I15:W15)+IFERROR(Z15,0)+IFERROR(AA15,0), 0 ), 0 ) -> 0 | AC15: =IFERROR( IF(AND(LEN(TRIM(B14))>0,LEN(TRIM(C14))>0), IF((26-(IFERROR(I14,0)+IFERROR(K14,0)+IFERROR(L14,0)+IFERROR(M14,0)))>12,0,D15*10.5%), 0 ), 0 ) -> 0 | AD15: =IFERROR( IF(AND(LEN(TRIM(B14))>0,LEN(TRIM(C14))>0), ROUND(IF(D15=4939000,D15*0.5%,0),-2), 0 ), 0 ) -> 0 | AE15: =IFERROR( IF(AND(LEN(TRIM(B14))>0,LEN(TRIM(C14))>0), ROUND(IFERROR(AB15,0)-IFERROR(AC15,0)-IFERROR(AD15,0),-2), 0 ), 0 ) -> 0 | AF15: =IFERROR( IF(AND(LEN(TRIM(B14))>0,LEN(TRIM(C14))>0), IFERROR('Bang TH nop'!AQ15,0)+IFERROR('Bang TH nop'!AT15,0)+IFERROR('Bang TH nop'!BF15,0), 0 ), 0 ) -> 0 | AI15: =IFERROR( IF(AND(LEN(TRIM(B14))>0,LEN(TRIM(C14))>0), AH15/AG15, 0 ), 0 ) -> 0 | AJ15: =IFERROR( IF(AND(LEN(TRIM(B14))>0,LEN(TRIM(C14))>0), AL15/AF15, 0 ), 0 ) -> 0 | AK15: =IFERROR( IF(AND(LEN(TRIM(B14))>0,LEN(TRIM(C14))>0), AJ15/AI15, 0 ), 0 ) -> 0 | AL15: =IFERROR( IF(AND(LEN(TRIM(B14))>0,LEN(TRIM(C14))>0), AB15/L15, 0 ), 0 ) -> 0
A16: =A14+1 -> 5 | B16: ='Bang TH nop'!B17 -> 0 | C16: =IFERROR(IF(LEN(TRIM(B16))>0,'Bang TH nop'!C17,""),"") -> 0 | D16: =IFERROR(IF(AND(LEN(TRIM(B16))>0,LEN(TRIM(C16))>0),'Bang TH nop'!AO17,""),"") -> 0 | I16: =IFERROR(IF(AND(LEN(TRIM(B16))>0,LEN(TRIM(C16))>0),'Bang TH nop'!BB17,0),0) -> 0 | J16: =IFERROR(IF(AND(LEN(TRIM(B16))>0,LEN(TRIM(C16))>0),'Bang TH nop'!AV17,0),0) -> 0 | K16: =IFERROR(IF(AND(LEN(TRIM(B16))>0,LEN(TRIM(C16))>0),'Bang TH nop'!AR17,0),0) -> 0 | L16: =IFERROR(IF(AND(LEN(TRIM(B16))>0,LEN(TRIM(C16))>0),'Bang TH nop'!AS17,0),0) -> 0 | M16: =IFERROR(IF(AND(LEN(TRIM(B16))>0,LEN(TRIM(C16))>0),'Bang TH nop'!AT17,0),0) -> 0 | N16: =IFERROR(IF(AND(LEN(TRIM(B16))>0,LEN(TRIM(C16))>0),'Bang TH nop'!AU17,0),0) -> 0 | O16: =IFERROR(IF(AND(LEN(TRIM(B16))>0,LEN(TRIM(C16))>0),'Bang TH nop'!BE17,0),0) -> 0 | P16: =IFERROR(IF(AND(LEN(TRIM(B16))>0,LEN(TRIM(C16))>0),'Bang TH nop'!AZ17,0),0) -> 0 | AA16: =IFERROR( IF(AND(LEN(TRIM(B16))>0,LEN(TRIM(C16))>0), 'Bang TH nop'!AH17, 0 ), 0 ) -> A
D17: =IFERROR(IF(AND(LEN(TRIM(B16))>0,LEN(TRIM(C16))>0),'Bang TH nop'!AP17,""),"") -> 0 | F17: =IFERROR(IF(AND(LEN(TRIM(B16))>0,LEN(TRIM(C16))>0),'Bang TH nop'!AL17,0),0) -> 0 | G17: =D17*I16/26 -> 0 | H17: =D17*J16*150%/(26*8) -> 0 | K17: =IFERROR( IF(AND(LEN(TRIM(B16))>0,LEN(TRIM(C16))>0), ROUND(D17/26*K16,0), 0 ), 0 ) -> 0 | L17: =IFERROR( IF(AND(LEN(TRIM(B16))>0,LEN(TRIM(C16))>0), ROUND(D17/26*L16,0), 0 ), 0 ) -> 0 | M17: =IFERROR( IF(AND(LEN(TRIM(B16))>0,LEN(TRIM(C16))>0), ROUND(D17/26*M16,0), 0 ), 0 ) -> 0 | N17: =IFERROR( IF(AND(LEN(TRIM(B16))>0,LEN(TRIM(C16))>0), D17*N16/(26*8), 0 ), 0 ) -> 0 | O17: =IFERROR( IF(AND(LEN(TRIM(B16))>0,LEN(TRIM(C16))>0), D17*O16/(26*8), 0 ), 0 ) -> 0 | P17: =IFERROR( IF(AND(LEN(TRIM(B16))>0,LEN(TRIM(C16))>0), (D17/26/8*P16), 0 ), 0 ) -> 0 | Q17: =IFERROR( IF(AND(LEN(TRIM(B16))>0,LEN(TRIM(C16))>0), 'Bang TH nop'!BC17, 0 ), 0 ) -> 0 | R17: =IFERROR( IF(AND(LEN(TRIM(B16))>0,LEN(TRIM(C16))>0), 'Bang TH nop'!BD17, 0 ), 0 ) -> 0 | S17: =IFERROR( IF(AND(LEN(TRIM(B16))>0,LEN(TRIM(C16))>0), 'Bang TH nop'!BJ17, 0 ), 0 ) -> 0 | T17: =IFERROR( IF(AND(LEN(TRIM(B16))>0,LEN(TRIM(C16))>0), IFERROR('Bang TH nop'!AW17,0)+IFERROR('Bang TH nop'!BH17,0), 0 ), 0 ) -> 0 | X17: =+IF(G17-I17<0,0,G17-I17) -> 0 | Y17: =+IF(H17-J17<0,0, H17-J17) -> 0 | Z17: =IFERROR( IF(AND(LEN(TRIM(B16))>0,LEN(TRIM(C16))>0), (X17+Y17)*25%, 0 ), 0 ) -> 0 | AA17: =IFERROR( IF(AND(LEN(TRIM(B16))>0,LEN(TRIM(C16))>0), 'Bang TH nop'!BG17, 0 ), 0 ) -> 0 | AB17: =IFERROR( IF(AND(LEN(TRIM(B16))>0,LEN(TRIM(C16))>0), SUM(I17:W17)+IFERROR(Z17,0)+IFERROR(AA17,0), 0 ), 0 ) -> 0 | AC17: =IFERROR( IF(AND(LEN(TRIM(B16))>0,LEN(TRIM(C16))>0), IF((26-(IFERROR(I16,0)+IFERROR(K16,0)+IFERROR(L16,0)+IFERROR(M16,0)))>12,0,D17*10.5%), 0 ), 0 ) -> 0 | AD17: =IFERROR( IF(AND(LEN(TRIM(B16))>0,LEN(TRIM(C16))>0), ROUND(IF(D17=4939000,D17*0.5%,0),-2), 0 ), 0 ) -> 0 | AE17: =IFERROR( IF(AND(LEN(TRIM(B16))>0,LEN(TRIM(C16))>0), ROUND(IFERROR(AB17,0)-IFERROR(AC17,0)-IFERROR(AD17,0),-2), 0 ), 0 ) -> 0 | AF17: =IFERROR( IF(AND(LEN(TRIM(B16))>0,LEN(TRIM(C16))>0), IFERROR('Bang TH nop'!AQ17,0)+IFERROR('Bang TH nop'!AT17,0)+IFERROR('Bang TH nop'!BF17,0), 0 ), 0 ) -> 0 | AI17: =IFERROR( IF(AND(LEN(TRIM(B16))>0,LEN(TRIM(C16))>0), AH17/AG17, 0 ), 0 ) -> 0 | AJ17: =IFERROR( IF(AND(LEN(TRIM(B16))>0,LEN(TRIM(C16))>0), AL17/AF17, 0 ), 0 ) -> 0 | AK17: =IFERROR( IF(AND(LEN(TRIM(B16))>0,LEN(TRIM(C16))>0), AJ17/AI17, 0 ), 0 ) -> 0 | AL17: =IFERROR( IF(AND(LEN(TRIM(B16))>0,LEN(TRIM(C16))>0), AB17/L17, 0 ), 0 ) -> 0
A18: =A16+1 -> 6 | B18: ='Bang TH nop'!B19 -> 0 | C18: =IFERROR(IF(LEN(TRIM(B18))>0,'Bang TH nop'!C19,""),"") -> 0 | D18: =IFERROR(IF(AND(LEN(TRIM(B18))>0,LEN(TRIM(C18))>0),'Bang TH nop'!AO19,""),"") -> 0 | I18: =IFERROR(IF(AND(LEN(TRIM(B18))>0,LEN(TRIM(C18))>0),'Bang TH nop'!BB19,0),0) -> 0 | J18: =IFERROR(IF(AND(LEN(TRIM(B18))>0,LEN(TRIM(C18))>0),'Bang TH nop'!AV19,0),0) -> 0 | K18: =IFERROR(IF(AND(LEN(TRIM(B18))>0,LEN(TRIM(C18))>0),'Bang TH nop'!AR19,0),0) -> 0 | L18: =IFERROR(IF(AND(LEN(TRIM(B18))>0,LEN(TRIM(C18))>0),'Bang TH nop'!AS19,0),0) -> 0 | M18: =IFERROR(IF(AND(LEN(TRIM(B18))>0,LEN(TRIM(C18))>0),'Bang TH nop'!AT19,0),0) -> 0 | N18: =IFERROR(IF(AND(LEN(TRIM(B18))>0,LEN(TRIM(C18))>0),'Bang TH nop'!AU19,0),0) -> 0 | O18: =IFERROR(IF(AND(LEN(TRIM(B18))>0,LEN(TRIM(C18))>0),'Bang TH nop'!BE19,0),0) -> 0 | P18: =IFERROR(IF(AND(LEN(TRIM(B18))>0,LEN(TRIM(C18))>0),'Bang TH nop'!AZ19,0),0) -> 0 | AA18: =IFERROR( IF(AND(LEN(TRIM(B18))>0,LEN(TRIM(C18))>0), 'Bang TH nop'!AH19, 0 ), 0 ) -> A
D19: =IFERROR(IF(AND(LEN(TRIM(B18))>0,LEN(TRIM(C18))>0),'Bang TH nop'!AP19,""),"") -> 0 | F19: =IFERROR(IF(AND(LEN(TRIM(B18))>0,LEN(TRIM(C18))>0),'Bang TH nop'!AL19,0),0) -> 0 | G19: =D19*I18/26 -> 0 | H19: =D19*J18*150%/(26*8) -> 0 | K19: =IFERROR( IF(AND(LEN(TRIM(B18))>0,LEN(TRIM(C18))>0), ROUND(D19/26*K18,0), 0 ), 0 ) -> 0 | L19: =IFERROR( IF(AND(LEN(TRIM(B18))>0,LEN(TRIM(C18))>0), ROUND(D19/26*L18,0), 0 ), 0 ) -> 0 | M19: =IFERROR( IF(AND(LEN(TRIM(B18))>0,LEN(TRIM(C18))>0), ROUND(D19/26*M18,0), 0 ), 0 ) -> 0 | N19: =IFERROR( IF(AND(LEN(TRIM(B18))>0,LEN(TRIM(C18))>0), D19*N18/(26*8), 0 ), 0 ) -> 0 | O19: =IFERROR( IF(AND(LEN(TRIM(B18))>0,LEN(TRIM(C18))>0), D19*O18/(26*8), 0 ), 0 ) -> 0 | P19: =IFERROR( IF(AND(LEN(TRIM(B18))>0,LEN(TRIM(C18))>0), (D19/26/8*P18), 0 ), 0 ) -> 0 | Q19: =IFERROR( IF(AND(LEN(TRIM(B18))>0,LEN(TRIM(C18))>0), 'Bang TH nop'!BC19, 0 ), 0 ) -> 0 | R19: =IFERROR( IF(AND(LEN(TRIM(B18))>0,LEN(TRIM(C18))>0), 'Bang TH nop'!BD19, 0 ), 0 ) -> 0 | S19: =IFERROR( IF(AND(LEN(TRIM(B18))>0,LEN(TRIM(C18))>0), 'Bang TH nop'!BJ19, 0 ), 0 ) -> 0 | T19: =IFERROR( IF(AND(LEN(TRIM(B18))>0,LEN(TRIM(C18))>0), IFERROR('Bang TH nop'!AW19,0)+IFERROR('Bang TH nop'!BH19,0), 0 ), 0 ) -> 0 | X19: =+IF(G19-I19<0,0,G19-I19) -> 0 | Y19: =+IF(H19-J19<0,0, H19-J19) -> 0 | Z19: =IFERROR( IF(AND(LEN(TRIM(B18))>0,LEN(TRIM(C18))>0), (X19+Y19)*25%, 0 ), 0 ) -> 0 | AA19: =IFERROR( IF(AND(LEN(TRIM(B18))>0,LEN(TRIM(C18))>0), 'Bang TH nop'!BG19, 0 ), 0 ) -> 0 | AB19: =IFERROR( IF(AND(LEN(TRIM(B18))>0,LEN(TRIM(C18))>0), SUM(I19:W19)+IFERROR(Z19,0)+IFERROR(AA19,0), 0 ), 0 ) -> 0 | AC19: =IFERROR( IF(AND(LEN(TRIM(B18))>0,LEN(TRIM(C18))>0), IF((26-(IFERROR(I18,0)+IFERROR(K18,0)+IFERROR(L18,0)+IFERROR(M18,0)))>12,0,D19*10.5%), 0 ), 0 ) -> 0 | AD19: =IFERROR( IF(AND(LEN(TRIM(B18))>0,LEN(TRIM(C18))>0), ROUND(IF(D19=4939000,D19*0.5%,0),-2), 0 ), 0 ) -> 0 | AE19: =IFERROR( IF(AND(LEN(TRIM(B18))>0,LEN(TRIM(C18))>0), ROUND(IFERROR(AB19,0)-IFERROR(AC19,0)-IFERROR(AD19,0),-2), 0 ), 0 ) -> 0 | AF19: =IFERROR( IF(AND(LEN(TRIM(B18))>0,LEN(TRIM(C18))>0), IFERROR('Bang TH nop'!AQ19,0)+IFERROR('Bang TH nop'!AT19,0)+IFERROR('Bang TH nop'!BF19,0), 0 ), 0 ) -> 0 | AI19: =IFERROR( IF(AND(LEN(TRIM(B18))>0,LEN(TRIM(C18))>0), AH19/AG19, 0 ), 0 ) -> 0 | AJ19: =IFERROR( IF(AND(LEN(TRIM(B18))>0,LEN(TRIM(C18))>0), AL19/AF19, 0 ), 0 ) -> 0 | AK19: =IFERROR( IF(AND(LEN(TRIM(B18))>0,LEN(TRIM(C18))>0), AJ19/AI19, 0 ), 0 ) -> 0 | AL19: =IFERROR( IF(AND(LEN(TRIM(B18))>0,LEN(TRIM(C18))>0), AB19/L19, 0 ), 0 ) -> 0
A20: =A18+1 -> 7 | B20: ='Bang TH nop'!B21 -> 0 | C20: =IFERROR(IF(LEN(TRIM(B20))>0,'Bang TH nop'!C21,""),"") -> 0 | D20: =IFERROR(IF(AND(LEN(TRIM(B20))>0,LEN(TRIM(C20))>0),'Bang TH nop'!AO21,""),"") -> 0 | I20: =IFERROR(IF(AND(LEN(TRIM(B20))>0,LEN(TRIM(C20))>0),'Bang TH nop'!BB21,0),0) -> 0 | J20: =IFERROR(IF(AND(LEN(TRIM(B20))>0,LEN(TRIM(C20))>0),'Bang TH nop'!AV21,0),0) -> 0 | K20: =IFERROR(IF(AND(LEN(TRIM(B20))>0,LEN(TRIM(C20))>0),'Bang TH nop'!AR21,0),0) -> 0 | L20: =IFERROR(IF(AND(LEN(TRIM(B20))>0,LEN(TRIM(C20))>0),'Bang TH nop'!AS21,0),0) -> 0 | M20: =IFERROR(IF(AND(LEN(TRIM(B20))>0,LEN(TRIM(C20))>0),'Bang TH nop'!AT21,0),0) -> 0 | N20: =IFERROR(IF(AND(LEN(TRIM(B20))>0,LEN(TRIM(C20))>0),'Bang TH nop'!AU21,0),0) -> 0 | O20: =IFERROR(IF(AND(LEN(TRIM(B20))>0,LEN(TRIM(C20))>0),'Bang TH nop'!BE21,0),0) -> 0 | P20: =IFERROR(IF(AND(LEN(TRIM(B20))>0,LEN(TRIM(C20))>0),'Bang TH nop'!AZ21,0),0) -> 0 | AA20: =IFERROR( IF(AND(LEN(TRIM(B20))>0,LEN(TRIM(C20))>0), 'Bang TH nop'!AH21, 0 ), 0 ) -> A
D21: =IFERROR(IF(AND(LEN(TRIM(B20))>0,LEN(TRIM(C20))>0),'Bang TH nop'!AP21,""),"") -> 0 | F21: =IFERROR(IF(AND(LEN(TRIM(B20))>0,LEN(TRIM(C20))>0),'Bang TH nop'!AL21,0),0) -> 0 | G21: =D21*I20/26 -> 0 | H21: =D21*J20*150%/(26*8) -> 0 | K21: =IFERROR( IF(AND(LEN(TRIM(B20))>0,LEN(TRIM(C20))>0), ROUND(D21/26*K20,0), 0 ), 0 ) -> 0 | L21: =IFERROR( IF(AND(LEN(TRIM(B20))>0,LEN(TRIM(C20))>0), ROUND(D21/26*L20,0), 0 ), 0 ) -> 0 | M21: =IFERROR( IF(AND(LEN(TRIM(B20))>0,LEN(TRIM(C20))>0), ROUND(D21/26*M20,0), 0 ), 0 ) -> 0 | N21: =IFERROR( IF(AND(LEN(TRIM(B20))>0,LEN(TRIM(C20))>0), D21*N20/(26*8), 0 ), 0 ) -> 0 | O21: =IFERROR( IF(AND(LEN(TRIM(B20))>0,LEN(TRIM(C20))>0), D21*O20/(26*8), 0 ), 0 ) -> 0 | P21: =IFERROR( IF(AND(LEN(TRIM(B20))>0,LEN(TRIM(C20))>0), (D21/26/8*P20), 0 ), 0 ) -> 0 | Q21: =IFERROR( IF(AND(LEN(TRIM(B20))>0,LEN(TRIM(C20))>0), 'Bang TH nop'!BC21, 0 ), 0 ) -> 0 | R21: =IFERROR( IF(AND(LEN(TRIM(B20))>0,LEN(TRIM(C20))>0), 'Bang TH nop'!BD21, 0 ), 0 ) -> 0 | S21: =IFERROR( IF(AND(LEN(TRIM(B20))>0,LEN(TRIM(C20))>0), 'Bang TH nop'!BJ21, 0 ), 0 ) -> 0 | T21: =IFERROR( IF(AND(LEN(TRIM(B20))>0,LEN(TRIM(C20))>0), IFERROR('Bang TH nop'!AW21,0)+IFERROR('Bang TH nop'!BH21,0), 0 ), 0 ) -> 0 | X21: =+IF(G21-I21<0,0,G21-I21) -> 0 | Y21: =+IF(H21-J21<0,0, H21-J21) -> 0 | Z21: =IFERROR( IF(AND(LEN(TRIM(B20))>0,LEN(TRIM(C20))>0), (X21+Y21)*25%, 0 ), 0 ) -> 0 | AA21: =IFERROR( IF(AND(LEN(TRIM(B20))>0,LEN(TRIM(C20))>0), 'Bang TH nop'!BG21, 0 ), 0 ) -> 0 | AB21: =IFERROR( IF(AND(LEN(TRIM(B20))>0,LEN(TRIM(C20))>0), SUM(I21:W21)+IFERROR(Z21,0)+IFERROR(AA21,0), 0 ), 0 ) -> 0 | AC21: =IFERROR( IF(AND(LEN(TRIM(B20))>0,LEN(TRIM(C20))>0), IF((26-(IFERROR(I20,0)+IFERROR(K20,0)+IFERROR(L20,0)+IFERROR(M20,0)))>12,0,D21*10.5%), 0 ), 0 ) -> 0 | AD21: =IFERROR( IF(AND(LEN(TRIM(B20))>0,LEN(TRIM(C20))>0), ROUND(IF(D21=4939000,D21*0.5%,0),-2), 0 ), 0 ) -> 0 | AE21: =IFERROR( IF(AND(LEN(TRIM(B20))>0,LEN(TRIM(C20))>0), ROUND(IFERROR(AB21,0)-IFERROR(AC21,0)-IFERROR(AD21,0),-2), 0 ), 0 ) -> 0 | AF21: =IFERROR( IF(AND(LEN(TRIM(B20))>0,LEN(TRIM(C20))>0), IFERROR('Bang TH nop'!AQ21,0)+IFERROR('Bang TH nop'!AT21,0)+IFERROR('Bang TH nop'!BF21,0), 0 ), 0 ) -> 0 | AI21: =IFERROR( IF(AND(LEN(TRIM(B20))>0,LEN(TRIM(C20))>0), AH21/AG21, 0 ), 0 ) -> 0 | AJ21: =IFERROR( IF(AND(LEN(TRIM(B20))>0,LEN(TRIM(C20))>0), AL21/AF21, 0 ), 0 ) -> 0 | AK21: =IFERROR( IF(AND(LEN(TRIM(B20))>0,LEN(TRIM(C20))>0), AJ21/AI21, 0 ), 0 ) -> 0 | AL21: =IFERROR( IF(AND(LEN(TRIM(B20))>0,LEN(TRIM(C20))>0), AB21/L21, 0 ), 0 ) -> 0
A22: =A20+1 -> 8 | B22: ='Bang TH nop'!B23 -> 0 | C22: =IFERROR(IF(LEN(TRIM(B22))>0,'Bang TH nop'!C23,""),"") -> 0 | D22: =IFERROR(IF(AND(LEN(TRIM(B22))>0,LEN(TRIM(C22))>0),'Bang TH nop'!AO23,""),"") -> 0 | I22: =IFERROR(IF(AND(LEN(TRIM(B22))>0,LEN(TRIM(C22))>0),'Bang TH nop'!BB23,0),0) -> 0 | J22: =IFERROR(IF(AND(LEN(TRIM(B22))>0,LEN(TRIM(C22))>0),'Bang TH nop'!AV23,0),0) -> 0 | K22: =IFERROR(IF(AND(LEN(TRIM(B22))>0,LEN(TRIM(C22))>0),'Bang TH nop'!AR23,0),0) -> 0 | L22: =IFERROR(IF(AND(LEN(TRIM(B22))>0,LEN(TRIM(C22))>0),'Bang TH nop'!AS23,0),0) -> 0 | M22: =IFERROR(IF(AND(LEN(TRIM(B22))>0,LEN(TRIM(C22))>0),'Bang TH nop'!AT23,0),0) -> 0 | N22: =IFERROR(IF(AND(LEN(TRIM(B22))>0,LEN(TRIM(C22))>0),'Bang TH nop'!AU23,0),0) -> 0 | O22: =IFERROR(IF(AND(LEN(TRIM(B22))>0,LEN(TRIM(C22))>0),'Bang TH nop'!BE23,0),0) -> 0 | P22: =IFERROR(IF(AND(LEN(TRIM(B22))>0,LEN(TRIM(C22))>0),'Bang TH nop'!AZ23,0),0) -> 0 | AA22: =IFERROR( IF(AND(LEN(TRIM(B22))>0,LEN(TRIM(C22))>0), 'Bang TH nop'!AH23, 0 ), 0 ) -> A
D23: =IFERROR(IF(AND(LEN(TRIM(B22))>0,LEN(TRIM(C22))>0),'Bang TH nop'!AP23,""),"") -> 0 | F23: =IFERROR(IF(AND(LEN(TRIM(B22))>0,LEN(TRIM(C22))>0),'Bang TH nop'!AL23,0),0) -> 0 | G23: =D23*I22/26 -> 0 | H23: =D23*J22*150%/(26*8) -> 0 | K23: =IFERROR( IF(AND(LEN(TRIM(B22))>0,LEN(TRIM(C22))>0), ROUND(D23/26*K22,0), 0 ), 0 ) -> 0 | L23: =IFERROR( IF(AND(LEN(TRIM(B22))>0,LEN(TRIM(C22))>0), ROUND(D23/26*L22,0), 0 ), 0 ) -> 0 | M23: =IFERROR( IF(AND(LEN(TRIM(B22))>0,LEN(TRIM(C22))>0), ROUND(D23/26*M22,0), 0 ), 0 ) -> 0 | N23: =IFERROR( IF(AND(LEN(TRIM(B22))>0,LEN(TRIM(C22))>0), D23*N22/(26*8), 0 ), 0 ) -> 0 | O23: =IFERROR( IF(AND(LEN(TRIM(B22))>0,LEN(TRIM(C22))>0), D23*O22/(26*8), 0 ), 0 ) -> 0 | P23: =IFERROR( IF(AND(LEN(TRIM(B22))>0,LEN(TRIM(C22))>0), (D23/26/8*P22), 0 ), 0 ) -> 0 | Q23: =IFERROR( IF(AND(LEN(TRIM(B22))>0,LEN(TRIM(C22))>0), 'Bang TH nop'!BC23, 0 ), 0 ) -> 0 | R23: =IFERROR( IF(AND(LEN(TRIM(B22))>0,LEN(TRIM(C22))>0), 'Bang TH nop'!BD23, 0 ), 0 ) -> 0 | S23: =IFERROR( IF(AND(LEN(TRIM(B22))>0,LEN(TRIM(C22))>0), 'Bang TH nop'!BJ23, 0 ), 0 ) -> 0 | T23: =IFERROR( IF(AND(LEN(TRIM(B22))>0,LEN(TRIM(C22))>0), IFERROR('Bang TH nop'!AW23,0)+IFERROR('Bang TH nop'!BH23,0), 0 ), 0 ) -> 0 | X23: =+IF(G23-I23<0,0,G23-I23) -> 0 | Y23: =+IF(H23-J23<0,0, H23-J23) -> 0 | Z23: =IFERROR( IF(AND(LEN(TRIM(B22))>0,LEN(TRIM(C22))>0), (X23+Y23)*25%, 0 ), 0 ) -> 0 | AA23: =IFERROR( IF(AND(LEN(TRIM(B22))>0,LEN(TRIM(C22))>0), 'Bang TH nop'!BG23, 0 ), 0 ) -> 0 | AB23: =IFERROR( IF(AND(LEN(TRIM(B22))>0,LEN(TRIM(C22))>0), SUM(I23:W23)+IFERROR(Z23,0)+IFERROR(AA23,0), 0 ), 0 ) -> 0 | AC23: =IFERROR( IF(AND(LEN(TRIM(B22))>0,LEN(TRIM(C22))>0), IF((26-(IFERROR(I22,0)+IFERROR(K22,0)+IFERROR(L22,0)+IFERROR(M22,0)))>12,0,D23*10.5%), 0 ), 0 ) -> 0 | AD23: =IFERROR( IF(AND(LEN(TRIM(B22))>0,LEN(TRIM(C22))>0), ROUND(IF(D23=4939000,D23*0.5%,0),-2), 0 ), 0 ) -> 0 | AE23: =IFERROR( IF(AND(LEN(TRIM(B22))>0,LEN(TRIM(C22))>0), ROUND(IFERROR(AB23,0)-IFERROR(AC23,0)-IFERROR(AD23,0),-2), 0 ), 0 ) -> 0 | AF23: =IFERROR( IF(AND(LEN(TRIM(B22))>0,LEN(TRIM(C22))>0), IFERROR('Bang TH nop'!AQ23,0)+IFERROR('Bang TH nop'!AT23,0)+IFERROR('Bang TH nop'!BF23,0), 0 ), 0 ) -> 0 | AI23: =IFERROR( IF(AND(LEN(TRIM(B22))>0,LEN(TRIM(C22))>0), AH23/AG23, 0 ), 0 ) -> 0 | AJ23: =IFERROR( IF(AND(LEN(TRIM(B22))>0,LEN(TRIM(C22))>0), AL23/AF23, 0 ), 0 ) -> 0 | AK23: =IFERROR( IF(AND(LEN(TRIM(B22))>0,LEN(TRIM(C22))>0), AJ23/AI23, 0 ), 0 ) -> 0 | AL23: =IFERROR( IF(AND(LEN(TRIM(B22))>0,LEN(TRIM(C22))>0), AB23/L23, 0 ), 0 ) -> 0
A24: =A22+1 -> 9 | B24: ='Bang TH nop'!B25 -> 0 | C24: =IFERROR(IF(LEN(TRIM(B24))>0,'Bang TH nop'!C25,""),"") -> 0 | D24: =IFERROR(IF(AND(LEN(TRIM(B24))>0,LEN(TRIM(C24))>0),'Bang TH nop'!AO25,""),"") -> 0 | I24: =IFERROR(IF(AND(LEN(TRIM(B24))>0,LEN(TRIM(C24))>0),'Bang TH nop'!BB25,0),0) -> 0 | J24: =IFERROR(IF(AND(LEN(TRIM(B24))>0,LEN(TRIM(C24))>0),'Bang TH nop'!AV25,0),0) -> 0 | K24: =IFERROR(IF(AND(LEN(TRIM(B24))>0,LEN(TRIM(C24))>0),'Bang TH nop'!AR25,0),0) -> 0 | L24: =IFERROR(IF(AND(LEN(TRIM(B24))>0,LEN(TRIM(C24))>0),'Bang TH nop'!AS25,0),0) -> 0 | M24: =IFERROR(IF(AND(LEN(TRIM(B24))>0,LEN(TRIM(C24))>0),'Bang TH nop'!AT25,0),0) -> 0 | N24: =IFERROR(IF(AND(LEN(TRIM(B24))>0,LEN(TRIM(C24))>0),'Bang TH nop'!AU25,0),0) -> 0 | O24: =IFERROR(IF(AND(LEN(TRIM(B24))>0,LEN(TRIM(C24))>0),'Bang TH nop'!BE25,0),0) -> 0 | P24: =IFERROR(IF(AND(LEN(TRIM(B24))>0,LEN(TRIM(C24))>0),'Bang TH nop'!AZ25,0),0) -> 0 | AA24: =IFERROR( IF(AND(LEN(TRIM(B24))>0,LEN(TRIM(C24))>0), 'Bang TH nop'!AH25, 0 ), 0 ) -> A
D25: =IFERROR(IF(AND(LEN(TRIM(B24))>0,LEN(TRIM(C24))>0),'Bang TH nop'!AP25,""),"") -> 0 | F25: =IFERROR(IF(AND(LEN(TRIM(B24))>0,LEN(TRIM(C24))>0),'Bang TH nop'!AL25,0),0) -> 0 | G25: =D25*I24/26 -> 0 | H25: =D25*J24*150%/(26*8) -> 0 | K25: =IFERROR( IF(AND(LEN(TRIM(B24))>0,LEN(TRIM(C24))>0), ROUND(D25/26*K24,0), 0 ), 0 ) -> 0 | L25: =IFERROR( IF(AND(LEN(TRIM(B24))>0,LEN(TRIM(C24))>0), ROUND(D25/26*L24,0), 0 ), 0 ) -> 0 | M25: =IFERROR( IF(AND(LEN(TRIM(B24))>0,LEN(TRIM(C24))>0), ROUND(D25/26*M24,0), 0 ), 0 ) -> 0 | N25: =IFERROR( IF(AND(LEN(TRIM(B24))>0,LEN(TRIM(C24))>0), D25*N24/(26*8), 0 ), 0 ) -> 0 | O25: =IFERROR( IF(AND(LEN(TRIM(B24))>0,LEN(TRIM(C24))>0), D25*O24/(26*8), 0 ), 0 ) -> 0 | P25: =IFERROR( IF(AND(LEN(TRIM(B24))>0,LEN(TRIM(C24))>0), (D25/26/8*P24), 0 ), 0 ) -> 0 | Q25: =IFERROR( IF(AND(LEN(TRIM(B24))>0,LEN(TRIM(C24))>0), 'Bang TH nop'!BC25, 0 ), 0 ) -> 0 | R25: =IFERROR( IF(AND(LEN(TRIM(B24))>0,LEN(TRIM(C24))>0), 'Bang TH nop'!BD25, 0 ), 0 ) -> 0 | S25: =IFERROR( IF(AND(LEN(TRIM(B24))>0,LEN(TRIM(C24))>0), 'Bang TH nop'!BJ25, 0 ), 0 ) -> 0 | T25: =IFERROR( IF(AND(LEN(TRIM(B24))>0,LEN(TRIM(C24))>0), IFERROR('Bang TH nop'!AW25,0)+IFERROR('Bang TH nop'!BH25,0), 0 ), 0 ) -> 0 | X25: =+IF(G25-I25<0,0,G25-I25) -> 0 | Y25: =+IF(H25-J25<0,0, H25-J25) -> 0 | Z25: =IFERROR( IF(AND(LEN(TRIM(B24))>0,LEN(TRIM(C24))>0), (X25+Y25)*25%, 0 ), 0 ) -> 0 | AA25: =IFERROR( IF(AND(LEN(TRIM(B24))>0,LEN(TRIM(C24))>0), 'Bang TH nop'!BG25, 0 ), 0 ) -> 0 | AB25: =IFERROR( IF(AND(LEN(TRIM(B24))>0,LEN(TRIM(C24))>0), SUM(I25:W25)+IFERROR(Z25,0)+IFERROR(AA25,0), 0 ), 0 ) -> 0 | AC25: =IFERROR( IF(AND(LEN(TRIM(B24))>0,LEN(TRIM(C24))>0), IF((26-(IFERROR(I24,0)+IFERROR(K24,0)+IFERROR(L24,0)+IFERROR(M24,0)))>12,0,D25*10.5%), 0 ), 0 ) -> 0 | AD25: =IFERROR( IF(AND(LEN(TRIM(B24))>0,LEN(TRIM(C24))>0), ROUND(IF(D25=4939000,D25*0.5%,0),-2), 0 ), 0 ) -> 0 | AE25: =IFERROR( IF(AND(LEN(TRIM(B24))>0,LEN(TRIM(C24))>0), ROUND(IFERROR(AB25,0)-IFERROR(AC25,0)-IFERROR(AD25,0),-2), 0 ), 0 ) -> 0 | AF25: =IFERROR( IF(AND(LEN(TRIM(B24))>0,LEN(TRIM(C24))>0), IFERROR('Bang TH nop'!AQ25,0)+IFERROR('Bang TH nop'!AT25,0)+IFERROR('Bang TH nop'!BF25,0), 0 ), 0 ) -> 0 | AI25: =IFERROR( IF(AND(LEN(TRIM(B24))>0,LEN(TRIM(C24))>0), AH25/AG25, 0 ), 0 ) -> 0 | AJ25: =IFERROR( IF(AND(LEN(TRIM(B24))>0,LEN(TRIM(C24))>0), AL25/AF25, 0 ), 0 ) -> 0 | AK25: =IFERROR( IF(AND(LEN(TRIM(B24))>0,LEN(TRIM(C24))>0), AJ25/AI25, 0 ), 0 ) -> 0 | AL25: =IFERROR( IF(AND(LEN(TRIM(B24))>0,LEN(TRIM(C24))>0), AB25/L25, 0 ), 0 ) -> 0
A26: =A24+1 -> 10 | B26: ='Bang TH nop'!B27 -> 0 | C26: =IFERROR(IF(LEN(TRIM(B26))>0,'Bang TH nop'!C27,""),"") -> 0 | D26: =IFERROR(IF(AND(LEN(TRIM(B26))>0,LEN(TRIM(C26))>0),'Bang TH nop'!AO27,""),"") -> 0 | I26: =IFERROR(IF(AND(LEN(TRIM(B26))>0,LEN(TRIM(C26))>0),'Bang TH nop'!BB27,0),0) -> 0 | J26: =IFERROR(IF(AND(LEN(TRIM(B26))>0,LEN(TRIM(C26))>0),'Bang TH nop'!AV27,0),0) -> 0 | K26: =IFERROR(IF(AND(LEN(TRIM(B26))>0,LEN(TRIM(C26))>0),'Bang TH nop'!AR27,0),0) -> 0 | L26: =IFERROR(IF(AND(LEN(TRIM(B26))>0,LEN(TRIM(C26))>0),'Bang TH nop'!AS27,0),0) -> 0 | M26: =IFERROR(IF(AND(LEN(TRIM(B26))>0,LEN(TRIM(C26))>0),'Bang TH nop'!AT27,0),0) -> 0 | N26: =IFERROR(IF(AND(LEN(TRIM(B26))>0,LEN(TRIM(C26))>0),'Bang TH nop'!AU27,0),0) -> 0 | O26: =IFERROR(IF(AND(LEN(TRIM(B26))>0,LEN(TRIM(C26))>0),'Bang TH nop'!BE27,0),0) -> 0 | P26: =IFERROR(IF(AND(LEN(TRIM(B26))>0,LEN(TRIM(C26))>0),'Bang TH nop'!AZ27,0),0) -> 0 | AA26: =IFERROR( IF(AND(LEN(TRIM(B26))>0,LEN(TRIM(C26))>0), 'Bang TH nop'!AH27, 0 ), 0 ) -> A
D27: =IFERROR(IF(AND(LEN(TRIM(B26))>0,LEN(TRIM(C26))>0),'Bang TH nop'!AP27,""),"") -> 0 | F27: =IFERROR(IF(AND(LEN(TRIM(B26))>0,LEN(TRIM(C26))>0),'Bang TH nop'!AL27,0),0) -> 0 | G27: =D27*I26/26 -> 0 | H27: =D27*J26*150%/(26*8) -> 0 | K27: =IFERROR( IF(AND(LEN(TRIM(B26))>0,LEN(TRIM(C26))>0), ROUND(D27/26*K26,0), 0 ), 0 ) -> 0 | L27: =IFERROR( IF(AND(LEN(TRIM(B26))>0,LEN(TRIM(C26))>0), ROUND(D27/26*L26,0), 0 ), 0 ) -> 0 | M27: =IFERROR( IF(AND(LEN(TRIM(B26))>0,LEN(TRIM(C26))>0), ROUND(D27/26*M26,0), 0 ), 0 ) -> 0 | N27: =IFERROR( IF(AND(LEN(TRIM(B26))>0,LEN(TRIM(C26))>0), D27*N26/(26*8), 0 ), 0 ) -> 0 | O27: =IFERROR( IF(AND(LEN(TRIM(B26))>0,LEN(TRIM(C26))>0), D27*O26/(26*8), 0 ), 0 ) -> 0 | P27: =IFERROR( IF(AND(LEN(TRIM(B26))>0,LEN(TRIM(C26))>0), (D27/26/8*P26), 0 ), 0 ) -> 0 | Q27: =IFERROR( IF(AND(LEN(TRIM(B26))>0,LEN(TRIM(C26))>0), 'Bang TH nop'!BC27, 0 ), 0 ) -> 0 | R27: =IFERROR( IF(AND(LEN(TRIM(B26))>0,LEN(TRIM(C26))>0), 'Bang TH nop'!BD27, 0 ), 0 ) -> 0 | S27: =IFERROR( IF(AND(LEN(TRIM(B26))>0,LEN(TRIM(C26))>0), 'Bang TH nop'!BJ27, 0 ), 0 ) -> 0 | T27: =IFERROR( IF(AND(LEN(TRIM(B26))>0,LEN(TRIM(C26))>0), IFERROR('Bang TH nop'!AW27,0)+IFERROR('Bang TH nop'!BH27,0), 0 ), 0 ) -> 0 | X27: =+IF(G27-I27<0,0,G27-I27) -> 0 | Y27: =+IF(H27-J27<0,0, H27-J27) -> 0 | Z27: =IFERROR( IF(AND(LEN(TRIM(B26))>0,LEN(TRIM(C26))>0), (X27+Y27)*25%, 0 ), 0 ) -> 0 | AA27: =IFERROR( IF(AND(LEN(TRIM(B26))>0,LEN(TRIM(C26))>0), 'Bang TH nop'!BG27, 0 ), 0 ) -> 0 | AB27: =IFERROR( IF(AND(LEN(TRIM(B26))>0,LEN(TRIM(C26))>0), SUM(I27:W27)+IFERROR(Z27,0)+IFERROR(AA27,0), 0 ), 0 ) -> 0 | AC27: =IFERROR( IF(AND(LEN(TRIM(B26))>0,LEN(TRIM(C26))>0), IF((26-(IFERROR(I26,0)+IFERROR(K26,0)+IFERROR(L26,0)+IFERROR(M26,0)))>12,0,D27*10.5%), 0 ), 0 ) -> 0 | AD27: =IFERROR( IF(AND(LEN(TRIM(B26))>0,LEN(TRIM(C26))>0), ROUND(IF(D27=4939000,D27*0.5%,0),-2), 0 ), 0 ) -> 0 | AE27: =IFERROR( IF(AND(LEN(TRIM(B26))>0,LEN(TRIM(C26))>0), ROUND(IFERROR(AB27,0)-IFERROR(AC27,0)-IFERROR(AD27,0),-2), 0 ), 0 ) -> 0 | AF27: =IFERROR( IF(AND(LEN(TRIM(B26))>0,LEN(TRIM(C26))>0), IFERROR('Bang TH nop'!AQ27,0)+IFERROR('Bang TH nop'!AT27,0)+IFERROR('Bang TH nop'!BF27,0), 0 ), 0 ) -> 0 | AI27: =IFERROR( IF(AND(LEN(TRIM(B26))>0,LEN(TRIM(C26))>0), AH27/AG27, 0 ), 0 ) -> 0 | AJ27: =IFERROR( IF(AND(LEN(TRIM(B26))>0,LEN(TRIM(C26))>0), AL27/AF27, 0 ), 0 ) -> 0 | AK27: =IFERROR( IF(AND(LEN(TRIM(B26))>0,LEN(TRIM(C26))>0), AJ27/AI27, 0 ), 0 ) -> 0 | AL27: =IFERROR( IF(AND(LEN(TRIM(B26))>0,LEN(TRIM(C26))>0), AB27/L27, 0 ), 0 ) -> 0
A28: =A26+1 -> 11 | B28: ='Bang TH nop'!B29 -> 0 | C28: =IFERROR(IF(LEN(TRIM(B28))>0,'Bang TH nop'!C29,""),"") -> 0 | D28: =IFERROR(IF(AND(LEN(TRIM(B28))>0,LEN(TRIM(C28))>0),'Bang TH nop'!AO29,""),"") -> 0 | I28: =IFERROR(IF(AND(LEN(TRIM(B28))>0,LEN(TRIM(C28))>0),'Bang TH nop'!BB29,0),0) -> 0 | J28: =IFERROR(IF(AND(LEN(TRIM(B28))>0,LEN(TRIM(C28))>0),'Bang TH nop'!AV29,0),0) -> 0 | K28: =IFERROR(IF(AND(LEN(TRIM(B28))>0,LEN(TRIM(C28))>0),'Bang TH nop'!AR29,0),0) -> 0 | L28: =IFERROR(IF(AND(LEN(TRIM(B28))>0,LEN(TRIM(C28))>0),'Bang TH nop'!AS29,0),0) -> 0 | M28: =IFERROR(IF(AND(LEN(TRIM(B28))>0,LEN(TRIM(C28))>0),'Bang TH nop'!AT29,0),0) -> 0 | N28: =IFERROR(IF(AND(LEN(TRIM(B28))>0,LEN(TRIM(C28))>0),'Bang TH nop'!AU29,0),0) -> 0 | O28: =IFERROR(IF(AND(LEN(TRIM(B28))>0,LEN(TRIM(C28))>0),'Bang TH nop'!BE29,0),0) -> 0 | P28: =IFERROR(IF(AND(LEN(TRIM(B28))>0,LEN(TRIM(C28))>0),'Bang TH nop'!AZ29,0),0) -> 0 | AA28: =IFERROR( IF(AND(LEN(TRIM(B28))>0,LEN(TRIM(C28))>0), 'Bang TH nop'!AH29, 0 ), 0 ) -> A
D29: =IFERROR(IF(AND(LEN(TRIM(B28))>0,LEN(TRIM(C28))>0),'Bang TH nop'!AP29,""),"") -> 0 | F29: =IFERROR(IF(AND(LEN(TRIM(B28))>0,LEN(TRIM(C28))>0),'Bang TH nop'!AL29,0),0) -> 0 | G29: =D29*I28/26 -> 0 | H29: =D29*J28*150%/(26*8) -> 0 | K29: =IFERROR( IF(AND(LEN(TRIM(B28))>0,LEN(TRIM(C28))>0), ROUND(D29/26*K28,0), 0 ), 0 ) -> 0 | L29: =IFERROR( IF(AND(LEN(TRIM(B28))>0,LEN(TRIM(C28))>0), ROUND(D29/26*L28,0), 0 ), 0 ) -> 0 | M29: =IFERROR( IF(AND(LEN(TRIM(B28))>0,LEN(TRIM(C28))>0), ROUND(D29/26*M28,0), 0 ), 0 ) -> 0 | N29: =IFERROR( IF(AND(LEN(TRIM(B28))>0,LEN(TRIM(C28))>0), D29*N28/(26*8), 0 ), 0 ) -> 0 | O29: =IFERROR( IF(AND(LEN(TRIM(B28))>0,LEN(TRIM(C28))>0), D29*O28/(26*8), 0 ), 0 ) -> 0 | P29: =IFERROR( IF(AND(LEN(TRIM(B28))>0,LEN(TRIM(C28))>0), (D29/26/8*P28), 0 ), 0 ) -> 0 | Q29: =IFERROR( IF(AND(LEN(TRIM(B28))>0,LEN(TRIM(C28))>0), 'Bang TH nop'!BC29, 0 ), 0 ) -> 0 | R29: =IFERROR( IF(AND(LEN(TRIM(B28))>0,LEN(TRIM(C28))>0), 'Bang TH nop'!BD29, 0 ), 0 ) -> 0 | S29: =IFERROR( IF(AND(LEN(TRIM(B28))>0,LEN(TRIM(C28))>0), 'Bang TH nop'!BJ29, 0 ), 0 ) -> 0 | T29: =IFERROR( IF(AND(LEN(TRIM(B28))>0,LEN(TRIM(C28))>0), IFERROR('Bang TH nop'!AW29,0)+IFERROR('Bang TH nop'!BH29,0), 0 ), 0 ) -> 0 | X29: =+IF(G29-I29<0,0,G29-I29) -> 0 | Y29: =+IF(H29-J29<0,0, H29-J29) -> 0 | Z29: =IFERROR( IF(AND(LEN(TRIM(B28))>0,LEN(TRIM(C28))>0), (X29+Y29)*25%, 0 ), 0 ) -> 0 | AA29: =IFERROR( IF(AND(LEN(TRIM(B28))>0,LEN(TRIM(C28))>0), 'Bang TH nop'!BG29, 0 ), 0 ) -> 0 | AB29: =IFERROR( IF(AND(LEN(TRIM(B28))>0,LEN(TRIM(C28))>0), SUM(I29:W29)+IFERROR(Z29,0)+IFERROR(AA29,0), 0 ), 0 ) -> 0 | AC29: =IFERROR( IF(AND(LEN(TRIM(B28))>0,LEN(TRIM(C28))>0), IF((26-(IFERROR(I28,0)+IFERROR(K28,0)+IFERROR(L28,0)+IFERROR(M28,0)))>12,0,D29*10.5%), 0 ), 0 ) -> 0 | AD29: =IFERROR( IF(AND(LEN(TRIM(B28))>0,LEN(TRIM(C28))>0), ROUND(IF(D29=4939000,D29*0.5%,0),-2), 0 ), 0 ) -> 0 | AE29: =IFERROR( IF(AND(LEN(TRIM(B28))>0,LEN(TRIM(C28))>0), ROUND(IFERROR(AB29,0)-IFERROR(AC29,0)-IFERROR(AD29,0),-2), 0 ), 0 ) -> 0 | AF29: =IFERROR( IF(AND(LEN(TRIM(B28))>0,LEN(TRIM(C28))>0), IFERROR('Bang TH nop'!AQ29,0)+IFERROR('Bang TH nop'!AT29,0)+IFERROR('Bang TH nop'!BF29,0), 0 ), 0 ) -> 0 | AI29: =IFERROR( IF(AND(LEN(TRIM(B28))>0,LEN(TRIM(C28))>0), AH29/AG29, 0 ), 0 ) -> 0 | AJ29: =IFERROR( IF(AND(LEN(TRIM(B28))>0,LEN(TRIM(C28))>0), AL29/AF29, 0 ), 0 ) -> 0 | AK29: =IFERROR( IF(AND(LEN(TRIM(B28))>0,LEN(TRIM(C28))>0), AJ29/AI29, 0 ), 0 ) -> 0 | AL29: =IFERROR( IF(AND(LEN(TRIM(B28))>0,LEN(TRIM(C28))>0), AB29/L29, 0 ), 0 ) -> 0
A30: =A28+1 -> 12 | B30: ='Bang TH nop'!B31 -> 0 | C30: =IFERROR(IF(LEN(TRIM(B30))>0,'Bang TH nop'!C31,""),"") -> 0 | D30: =IFERROR(IF(AND(LEN(TRIM(B30))>0,LEN(TRIM(C30))>0),'Bang TH nop'!AO31,""),"") -> 0 | I30: =IFERROR(IF(AND(LEN(TRIM(B30))>0,LEN(TRIM(C30))>0),'Bang TH nop'!BB31,0),0) -> 0 | J30: =IFERROR(IF(AND(LEN(TRIM(B30))>0,LEN(TRIM(C30))>0),'Bang TH nop'!AV31,0),0) -> 0 | K30: =IFERROR(IF(AND(LEN(TRIM(B30))>0,LEN(TRIM(C30))>0),'Bang TH nop'!AR31,0),0) -> 0 | L30: =IFERROR(IF(AND(LEN(TRIM(B30))>0,LEN(TRIM(C30))>0),'Bang TH nop'!AS31,0),0) -> 0 | M30: =IFERROR(IF(AND(LEN(TRIM(B30))>0,LEN(TRIM(C30))>0),'Bang TH nop'!AT31,0),0) -> 0 | N30: =IFERROR(IF(AND(LEN(TRIM(B30))>0,LEN(TRIM(C30))>0),'Bang TH nop'!AU31,0),0) -> 0 | O30: =IFERROR(IF(AND(LEN(TRIM(B30))>0,LEN(TRIM(C30))>0),'Bang TH nop'!BE31,0),0) -> 0 | P30: =IFERROR(IF(AND(LEN(TRIM(B30))>0,LEN(TRIM(C30))>0),'Bang TH nop'!AZ31,0),0) -> 0 | AA30: =IFERROR( IF(AND(LEN(TRIM(B30))>0,LEN(TRIM(C30))>0), 'Bang TH nop'!AH31, 0 ), 0 ) -> A
D31: =IFERROR(IF(AND(LEN(TRIM(B30))>0,LEN(TRIM(C30))>0),'Bang TH nop'!AP31,""),"") -> 0 | F31: =IFERROR(IF(AND(LEN(TRIM(B30))>0,LEN(TRIM(C30))>0),'Bang TH nop'!AL31,0),0) -> 0 | G31: =D31*I30/26 -> 0 | H31: =D31*J30*150%/(26*8) -> 0 | K31: =IFERROR( IF(AND(LEN(TRIM(B30))>0,LEN(TRIM(C30))>0), ROUND(D31/26*K30,0), 0 ), 0 ) -> 0 | L31: =IFERROR( IF(AND(LEN(TRIM(B30))>0,LEN(TRIM(C30))>0), ROUND(D31/26*L30,0), 0 ), 0 ) -> 0 | M31: =IFERROR( IF(AND(LEN(TRIM(B30))>0,LEN(TRIM(C30))>0), ROUND(D31/26*M30,0), 0 ), 0 ) -> 0 | N31: =IFERROR( IF(AND(LEN(TRIM(B30))>0,LEN(TRIM(C30))>0), D31*N30/(26*8), 0 ), 0 ) -> 0 | O31: =IFERROR( IF(AND(LEN(TRIM(B30))>0,LEN(TRIM(C30))>0), D31*O30/(26*8), 0 ), 0 ) -> 0 | P31: =IFERROR( IF(AND(LEN(TRIM(B30))>0,LEN(TRIM(C30))>0), (D31/26/8*P30), 0 ), 0 ) -> 0 | Q31: =IFERROR( IF(AND(LEN(TRIM(B30))>0,LEN(TRIM(C30))>0), 'Bang TH nop'!BC31, 0 ), 0 ) -> 0 | R31: =IFERROR( IF(AND(LEN(TRIM(B30))>0,LEN(TRIM(C30))>0), 'Bang TH nop'!BD31, 0 ), 0 ) -> 0 | S31: =IFERROR( IF(AND(LEN(TRIM(B30))>0,LEN(TRIM(C30))>0), 'Bang TH nop'!BJ31, 0 ), 0 ) -> 0 | T31: =IFERROR( IF(AND(LEN(TRIM(B30))>0,LEN(TRIM(C30))>0), IFERROR('Bang TH nop'!AW31,0)+IFERROR('Bang TH nop'!BH31,0), 0 ), 0 ) -> 0 | X31: =+IF(G31-I31<0,0,G31-I31) -> 0 | Y31: =+IF(H31-J31<0,0, H31-J31) -> 0 | Z31: =IFERROR( IF(AND(LEN(TRIM(B30))>0,LEN(TRIM(C30))>0), (X31+Y31)*25%, 0 ), 0 ) -> 0 | AA31: =IFERROR( IF(AND(LEN(TRIM(B30))>0,LEN(TRIM(C30))>0), 'Bang TH nop'!BG31, 0 ), 0 ) -> 0 | AB31: =IFERROR( IF(AND(LEN(TRIM(B30))>0,LEN(TRIM(C30))>0), SUM(I31:W31)+IFERROR(Z31,0)+IFERROR(AA31,0), 0 ), 0 ) -> 0 | AC31: =IFERROR( IF(AND(LEN(TRIM(B30))>0,LEN(TRIM(C30))>0), IF((26-(IFERROR(I30,0)+IFERROR(K30,0)+IFERROR(L30,0)+IFERROR(M30,0)))>12,0,D31*10.5%), 0 ), 0 ) -> 0 | AD31: =IFERROR( IF(AND(LEN(TRIM(B30))>0,LEN(TRIM(C30))>0), ROUND(IF(D31=4939000,D31*0.5%,0),-2), 0 ), 0 ) -> 0 | AE31: =IFERROR( IF(AND(LEN(TRIM(B30))>0,LEN(TRIM(C30))>0), ROUND(IFERROR(AB31,0)-IFERROR(AC31,0)-IFERROR(AD31,0),-2), 0 ), 0 ) -> 0 | AF31: =IFERROR( IF(AND(LEN(TRIM(B30))>0,LEN(TRIM(C30))>0), IFERROR('Bang TH nop'!AQ31,0)+IFERROR('Bang TH nop'!AT31,0)+IFERROR('Bang TH nop'!BF31,0), 0 ), 0 ) -> 0 | AI31: =IFERROR( IF(AND(LEN(TRIM(B30))>0,LEN(TRIM(C30))>0), AH31/AG31, 0 ), 0 ) -> 0 | AJ31: =IFERROR( IF(AND(LEN(TRIM(B30))>0,LEN(TRIM(C30))>0), AL31/AF31, 0 ), 0 ) -> 0 | AK31: =IFERROR( IF(AND(LEN(TRIM(B30))>0,LEN(TRIM(C30))>0), AJ31/AI31, 0 ), 0 ) -> 0 | AL31: =IFERROR( IF(AND(LEN(TRIM(B30))>0,LEN(TRIM(C30))>0), AB31/L31, 0 ), 0 ) -> 0
A32: =A30+1 -> 13 | B32: ='Bang TH nop'!B33 -> 0 | C32: =IFERROR(IF(LEN(TRIM(B32))>0,'Bang TH nop'!C33,""),"") -> 0 | D32: =IFERROR(IF(AND(LEN(TRIM(B32))>0,LEN(TRIM(C32))>0),'Bang TH nop'!AO33,""),"") -> 0 | I32: =IFERROR(IF(AND(LEN(TRIM(B32))>0,LEN(TRIM(C32))>0),'Bang TH nop'!BB33,0),0) -> 0 | J32: =IFERROR(IF(AND(LEN(TRIM(B32))>0,LEN(TRIM(C32))>0),'Bang TH nop'!AV33,0),0) -> 0 | K32: =IFERROR(IF(AND(LEN(TRIM(B32))>0,LEN(TRIM(C32))>0),'Bang TH nop'!AR33,0),0) -> 0 | L32: =IFERROR(IF(AND(LEN(TRIM(B32))>0,LEN(TRIM(C32))>0),'Bang TH nop'!AS33,0),0) -> 0 | M32: =IFERROR(IF(AND(LEN(TRIM(B32))>0,LEN(TRIM(C32))>0),'Bang TH nop'!AT33,0),0) -> 0 | N32: =IFERROR(IF(AND(LEN(TRIM(B32))>0,LEN(TRIM(C32))>0),'Bang TH nop'!AU33,0),0) -> 0 | O32: =IFERROR(IF(AND(LEN(TRIM(B32))>0,LEN(TRIM(C32))>0),'Bang TH nop'!BE33,0),0) -> 0 | P32: =IFERROR(IF(AND(LEN(TRIM(B32))>0,LEN(TRIM(C32))>0),'Bang TH nop'!AZ33,0),0) -> 0 | AA32: =IFERROR( IF(AND(LEN(TRIM(B32))>0,LEN(TRIM(C32))>0), 'Bang TH nop'!AH33, 0 ), 0 ) -> A
D33: =IFERROR(IF(AND(LEN(TRIM(B32))>0,LEN(TRIM(C32))>0),'Bang TH nop'!AP33,""),"") -> 0 | F33: =IFERROR(IF(AND(LEN(TRIM(B32))>0,LEN(TRIM(C32))>0),'Bang TH nop'!AL33,0),0) -> 0 | G33: =D33*I32/26 -> 0 | H33: =D33*J32*150%/(26*8) -> 0 | K33: =IFERROR( IF(AND(LEN(TRIM(B32))>0,LEN(TRIM(C32))>0), ROUND(D33/26*K32,0), 0 ), 0 ) -> 0 | L33: =IFERROR( IF(AND(LEN(TRIM(B32))>0,LEN(TRIM(C32))>0), ROUND(D33/26*L32,0), 0 ), 0 ) -> 0 | M33: =IFERROR( IF(AND(LEN(TRIM(B32))>0,LEN(TRIM(C32))>0), ROUND(D33/26*M32,0), 0 ), 0 ) -> 0 | N33: =IFERROR( IF(AND(LEN(TRIM(B32))>0,LEN(TRIM(C32))>0), D33*N32/(26*8), 0 ), 0 ) -> 0 | O33: =IFERROR( IF(AND(LEN(TRIM(B32))>0,LEN(TRIM(C32))>0), D33*O32/(26*8), 0 ), 0 ) -> 0 | P33: =IFERROR( IF(AND(LEN(TRIM(B32))>0,LEN(TRIM(C32))>0), (D33/26/8*P32), 0 ), 0 ) -> 0 | Q33: =IFERROR( IF(AND(LEN(TRIM(B32))>0,LEN(TRIM(C32))>0), 'Bang TH nop'!BC33, 0 ), 0 ) -> 0 | R33: =IFERROR( IF(AND(LEN(TRIM(B32))>0,LEN(TRIM(C32))>0), 'Bang TH nop'!BD33, 0 ), 0 ) -> 0 | S33: =IFERROR( IF(AND(LEN(TRIM(B32))>0,LEN(TRIM(C32))>0), 'Bang TH nop'!BJ33, 0 ), 0 ) -> 0 | T33: =IFERROR( IF(AND(LEN(TRIM(B32))>0,LEN(TRIM(C32))>0), IFERROR('Bang TH nop'!AW33,0)+IFERROR('Bang TH nop'!BH33,0), 0 ), 0 ) -> 0 | X33: =+IF(G33-I33<0,0,G33-I33) -> 0 | Y33: =+IF(H33-J33<0,0, H33-J33) -> 0 | Z33: =IFERROR( IF(AND(LEN(TRIM(B32))>0,LEN(TRIM(C32))>0), (X33+Y33)*25%, 0 ), 0 ) -> 0 | AA33: =IFERROR( IF(AND(LEN(TRIM(B32))>0,LEN(TRIM(C32))>0), 'Bang TH nop'!BG33, 0 ), 0 ) -> 0 | AB33: =IFERROR( IF(AND(LEN(TRIM(B32))>0,LEN(TRIM(C32))>0), SUM(I33:W33)+IFERROR(Z33,0)+IFERROR(AA33,0), 0 ), 0 ) -> 0 | AC33: =IFERROR( IF(AND(LEN(TRIM(B32))>0,LEN(TRIM(C32))>0), IF((26-(IFERROR(I32,0)+IFERROR(K32,0)+IFERROR(L32,0)+IFERROR(M32,0)))>12,0,D33*10.5%), 0 ), 0 ) -> 0 | AD33: =IFERROR( IF(AND(LEN(TRIM(B32))>0,LEN(TRIM(C32))>0), ROUND(IF(D33=4939000,D33*0.5%,0),-2), 0 ), 0 ) -> 0 | AE33: =IFERROR( IF(AND(LEN(TRIM(B32))>0,LEN(TRIM(C32))>0), ROUND(IFERROR(AB33,0)-IFERROR(AC33,0)-IFERROR(AD33,0),-2), 0 ), 0 ) -> 0 | AF33: =IFERROR( IF(AND(LEN(TRIM(B32))>0,LEN(TRIM(C32))>0), IFERROR('Bang TH nop'!AQ33,0)+IFERROR('Bang TH nop'!AT33,0)+IFERROR('Bang TH nop'!BF33,0), 0 ), 0 ) -> 0 | AI33: =IFERROR( IF(AND(LEN(TRIM(B32))>0,LEN(TRIM(C32))>0), AH33/AG33, 0 ), 0 ) -> 0 | AJ33: =IFERROR( IF(AND(LEN(TRIM(B32))>0,LEN(TRIM(C32))>0), AL33/AF33, 0 ), 0 ) -> 0 | AK33: =IFERROR( IF(AND(LEN(TRIM(B32))>0,LEN(TRIM(C32))>0), AJ33/AI33, 0 ), 0 ) -> 0 | AL33: =IFERROR( IF(AND(LEN(TRIM(B32))>0,LEN(TRIM(C32))>0), AB33/L33, 0 ), 0 ) -> 0
A34: =A32+1 -> 14 | B34: ='Bang TH nop'!B35 -> 0 | C34: =IFERROR(IF(LEN(TRIM(B34))>0,'Bang TH nop'!C35,""),"") -> 0 | D34: =IFERROR(IF(AND(LEN(TRIM(B34))>0,LEN(TRIM(C34))>0),'Bang TH nop'!AO35,""),"") -> 0 | I34: =IFERROR(IF(AND(LEN(TRIM(B34))>0,LEN(TRIM(C34))>0),'Bang TH nop'!BB35,0),0) -> 0 | J34: =IFERROR(IF(AND(LEN(TRIM(B34))>0,LEN(TRIM(C34))>0),'Bang TH nop'!AV35,0),0) -> 0 | K34: =IFERROR(IF(AND(LEN(TRIM(B34))>0,LEN(TRIM(C34))>0),'Bang TH nop'!AR35,0),0) -> 0 | L34: =IFERROR(IF(AND(LEN(TRIM(B34))>0,LEN(TRIM(C34))>0),'Bang TH nop'!AS35,0),0) -> 0 | M34: =IFERROR(IF(AND(LEN(TRIM(B34))>0,LEN(TRIM(C34))>0),'Bang TH nop'!AT35,0),0) -> 0 | N34: =IFERROR(IF(AND(LEN(TRIM(B34))>0,LEN(TRIM(C34))>0),'Bang TH nop'!AU35,0),0) -> 0 | O34: =IFERROR(IF(AND(LEN(TRIM(B34))>0,LEN(TRIM(C34))>0),'Bang TH nop'!BE35,0),0) -> 0 | P34: =IFERROR(IF(AND(LEN(TRIM(B34))>0,LEN(TRIM(C34))>0),'Bang TH nop'!AZ35,0),0) -> 0 | AA34: =IFERROR( IF(AND(LEN(TRIM(B34))>0,LEN(TRIM(C34))>0), 'Bang TH nop'!AH35, 0 ), 0 ) -> A
D35: =IFERROR(IF(AND(LEN(TRIM(B34))>0,LEN(TRIM(C34))>0),'Bang TH nop'!AP35,""),"") -> 0 | F35: =IFERROR(IF(AND(LEN(TRIM(B34))>0,LEN(TRIM(C34))>0),'Bang TH nop'!AL35,0),0) -> 0 | G35: =D35*I34/26 -> 0 | H35: =D35*J34*150%/(26*8) -> 0 | K35: =IFERROR( IF(AND(LEN(TRIM(B34))>0,LEN(TRIM(C34))>0), ROUND(D35/26*K34,0), 0 ), 0 ) -> 0 | L35: =IFERROR( IF(AND(LEN(TRIM(B34))>0,LEN(TRIM(C34))>0), ROUND(D35/26*L34,0), 0 ), 0 ) -> 0 | M35: =IFERROR( IF(AND(LEN(TRIM(B34))>0,LEN(TRIM(C34))>0), ROUND(D35/26*M34,0), 0 ), 0 ) -> 0 | N35: =IFERROR( IF(AND(LEN(TRIM(B34))>0,LEN(TRIM(C34))>0), D35*N34/(26*8), 0 ), 0 ) -> 0 | O35: =IFERROR( IF(AND(LEN(TRIM(B34))>0,LEN(TRIM(C34))>0), D35*O34/(26*8), 0 ), 0 ) -> 0 | P35: =IFERROR( IF(AND(LEN(TRIM(B34))>0,LEN(TRIM(C34))>0), (D35/26/8*P34), 0 ), 0 ) -> 0 | Q35: =IFERROR( IF(AND(LEN(TRIM(B34))>0,LEN(TRIM(C34))>0), 'Bang TH nop'!BC35, 0 ), 0 ) -> 0 | R35: =IFERROR( IF(AND(LEN(TRIM(B34))>0,LEN(TRIM(C34))>0), 'Bang TH nop'!BD35, 0 ), 0 ) -> 0 | S35: =IFERROR( IF(AND(LEN(TRIM(B34))>0,LEN(TRIM(C34))>0), 'Bang TH nop'!BJ35, 0 ), 0 ) -> 0 | T35: =IFERROR( IF(AND(LEN(TRIM(B34))>0,LEN(TRIM(C34))>0), IFERROR('Bang TH nop'!AW35,0)+IFERROR('Bang TH nop'!BH35,0), 0 ), 0 ) -> 0 | X35: =+IF(G35-I35<0,0,G35-I35) -> 0 | Y35: =+IF(H35-J35<0,0, H35-J35) -> 0 | Z35: =IFERROR( IF(AND(LEN(TRIM(B34))>0,LEN(TRIM(C34))>0), (X35+Y35)*25%, 0 ), 0 ) -> 0 | AA35: =IFERROR( IF(AND(LEN(TRIM(B34))>0,LEN(TRIM(C34))>0), 'Bang TH nop'!BG35, 0 ), 0 ) -> 0 | AB35: =IFERROR( IF(AND(LEN(TRIM(B34))>0,LEN(TRIM(C34))>0), SUM(I35:W35)+IFERROR(Z35,0)+IFERROR(AA35,0), 0 ), 0 ) -> 0 | AC35: =IFERROR( IF(AND(LEN(TRIM(B34))>0,LEN(TRIM(C34))>0), IF((26-(IFERROR(I34,0)+IFERROR(K34,0)+IFERROR(L34,0)+IFERROR(M34,0)))>12,0,D35*10.5%), 0 ), 0 ) -> 0 | AD35: =IFERROR( IF(AND(LEN(TRIM(B34))>0,LEN(TRIM(C34))>0), ROUND(IF(D35=4939000,D35*0.5%,0),-2), 0 ), 0 ) -> 0 | AE35: =IFERROR( IF(AND(LEN(TRIM(B34))>0,LEN(TRIM(C34))>0), ROUND(IFERROR(AB35,0)-IFERROR(AC35,0)-IFERROR(AD35,0),-2), 0 ), 0 ) -> 0 | AF35: =IFERROR( IF(AND(LEN(TRIM(B34))>0,LEN(TRIM(C34))>0), IFERROR('Bang TH nop'!AQ35,0)+IFERROR('Bang TH nop'!AT35,0)+IFERROR('Bang TH nop'!BF35,0), 0 ), 0 ) -> 0 | AI35: =IFERROR( IF(AND(LEN(TRIM(B34))>0,LEN(TRIM(C34))>0), AH35/AG35, 0 ), 0 ) -> 0 | AJ35: =IFERROR( IF(AND(LEN(TRIM(B34))>0,LEN(TRIM(C34))>0), AL35/AF35, 0 ), 0 ) -> 0 | AK35: =IFERROR( IF(AND(LEN(TRIM(B34))>0,LEN(TRIM(C34))>0), AJ35/AI35, 0 ), 0 ) -> 0 | AL35: =IFERROR( IF(AND(LEN(TRIM(B34))>0,LEN(TRIM(C34))>0), AB35/L35, 0 ), 0 ) -> 0
A36: =A34+1 -> 15 | B36: ='Bang TH nop'!B37 -> 0 | C36: =IFERROR(IF(LEN(TRIM(B36))>0,'Bang TH nop'!C37,""),"") -> 0 | D36: =IFERROR(IF(AND(LEN(TRIM(B36))>0,LEN(TRIM(C36))>0),'Bang TH nop'!AO37,""),"") -> 0 | I36: =IFERROR(IF(AND(LEN(TRIM(B36))>0,LEN(TRIM(C36))>0),'Bang TH nop'!BB37,0),0) -> 0 | J36: =IFERROR(IF(AND(LEN(TRIM(B36))>0,LEN(TRIM(C36))>0),'Bang TH nop'!AV37,0),0) -> 0 | K36: =IFERROR(IF(AND(LEN(TRIM(B36))>0,LEN(TRIM(C36))>0),'Bang TH nop'!AR37,0),0) -> 0 | L36: =IFERROR(IF(AND(LEN(TRIM(B36))>0,LEN(TRIM(C36))>0),'Bang TH nop'!AS37,0),0) -> 0 | M36: =IFERROR(IF(AND(LEN(TRIM(B36))>0,LEN(TRIM(C36))>0),'Bang TH nop'!AT37,0),0) -> 0 | N36: =IFERROR(IF(AND(LEN(TRIM(B36))>0,LEN(TRIM(C36))>0),'Bang TH nop'!AU37,0),0) -> 0 | O36: =IFERROR(IF(AND(LEN(TRIM(B36))>0,LEN(TRIM(C36))>0),'Bang TH nop'!BE37,0),0) -> 0 | P36: =IFERROR(IF(AND(LEN(TRIM(B36))>0,LEN(TRIM(C36))>0),'Bang TH nop'!AZ37,0),0) -> 0 | AA36: =IFERROR( IF(AND(LEN(TRIM(B36))>0,LEN(TRIM(C36))>0), 'Bang TH nop'!AH37, 0 ), 0 ) -> A
D37: =IFERROR(IF(AND(LEN(TRIM(B36))>0,LEN(TRIM(C36))>0),'Bang TH nop'!AP37,""),"") -> 0 | F37: =IFERROR(IF(AND(LEN(TRIM(B36))>0,LEN(TRIM(C36))>0),'Bang TH nop'!AL37,0),0) -> 0 | G37: =D37*I36/26 -> 0 | H37: =D37*J36*150%/(26*8) -> 0 | K37: =IFERROR( IF(AND(LEN(TRIM(B36))>0,LEN(TRIM(C36))>0), ROUND(D37/26*K36,0), 0 ), 0 ) -> 0 | L37: =IFERROR( IF(AND(LEN(TRIM(B36))>0,LEN(TRIM(C36))>0), ROUND(D37/26*L36,0), 0 ), 0 ) -> 0 | M37: =IFERROR( IF(AND(LEN(TRIM(B36))>0,LEN(TRIM(C36))>0), ROUND(D37/26*M36,0), 0 ), 0 ) -> 0 | N37: =IFERROR( IF(AND(LEN(TRIM(B36))>0,LEN(TRIM(C36))>0), D37*N36/(26*8), 0 ), 0 ) -> 0 | O37: =IFERROR( IF(AND(LEN(TRIM(B36))>0,LEN(TRIM(C36))>0), D37*O36/(26*8), 0 ), 0 ) -> 0 | P37: =IFERROR( IF(AND(LEN(TRIM(B36))>0,LEN(TRIM(C36))>0), (D37/26/8*P36), 0 ), 0 ) -> 0 | Q37: =IFERROR( IF(AND(LEN(TRIM(B36))>0,LEN(TRIM(C36))>0), 'Bang TH nop'!BC37, 0 ), 0 ) -> 0 | R37: =IFERROR( IF(AND(LEN(TRIM(B36))>0,LEN(TRIM(C36))>0), 'Bang TH nop'!BD37, 0 ), 0 ) -> 0 | S37: =IFERROR( IF(AND(LEN(TRIM(B36))>0,LEN(TRIM(C36))>0), 'Bang TH nop'!BJ37, 0 ), 0 ) -> 0 | T37: =IFERROR( IF(AND(LEN(TRIM(B36))>0,LEN(TRIM(C36))>0), IFERROR('Bang TH nop'!AW37,0)+IFERROR('Bang TH nop'!BH37,0), 0 ), 0 ) -> 0 | X37: =+IF(G37-I37<0,0,G37-I37) -> 0 | Y37: =+IF(H37-J37<0,0, H37-J37) -> 0 | Z37: =IFERROR( IF(AND(LEN(TRIM(B36))>0,LEN(TRIM(C36))>0), (X37+Y37)*25%, 0 ), 0 ) -> 0 | AA37: =IFERROR( IF(AND(LEN(TRIM(B36))>0,LEN(TRIM(C36))>0), 'Bang TH nop'!BG37, 0 ), 0 ) -> 0 | AB37: =IFERROR( IF(AND(LEN(TRIM(B36))>0,LEN(TRIM(C36))>0), SUM(I37:W37)+IFERROR(Z37,0)+IFERROR(AA37,0), 0 ), 0 ) -> 0 | AC37: =IFERROR( IF(AND(LEN(TRIM(B36))>0,LEN(TRIM(C36))>0), IF((26-(IFERROR(I36,0)+IFERROR(K36,0)+IFERROR(L36,0)+IFERROR(M36,0)))>12,0,D37*10.5%), 0 ), 0 ) -> 0 | AD37: =IFERROR( IF(AND(LEN(TRIM(B36))>0,LEN(TRIM(C36))>0), ROUND(IF(D37=4939000,D37*0.5%,0),-2), 0 ), 0 ) -> 0 | AE37: =IFERROR( IF(AND(LEN(TRIM(B36))>0,LEN(TRIM(C36))>0), ROUND(IFERROR(AB37,0)-IFERROR(AC37,0)-IFERROR(AD37,0),-2), 0 ), 0 ) -> 0 | AF37: =IFERROR( IF(AND(LEN(TRIM(B36))>0,LEN(TRIM(C36))>0), IFERROR('Bang TH nop'!AQ37,0)+IFERROR('Bang TH nop'!AT37,0)+IFERROR('Bang TH nop'!BF37,0), 0 ), 0 ) -> 0 | AI37: =IFERROR( IF(AND(LEN(TRIM(B36))>0,LEN(TRIM(C36))>0), AH37/AG37, 0 ), 0 ) -> 0 | AJ37: =IFERROR( IF(AND(LEN(TRIM(B36))>0,LEN(TRIM(C36))>0), AL37/AF37, 0 ), 0 ) -> 0 | AK37: =IFERROR( IF(AND(LEN(TRIM(B36))>0,LEN(TRIM(C36))>0), AJ37/AI37, 0 ), 0 ) -> 0 | AL37: =IFERROR( IF(AND(LEN(TRIM(B36))>0,LEN(TRIM(C36))>0), AB37/L37, 0 ), 0 ) -> 0
A38: =A36+1 -> 16 | B38: ='Bang TH nop'!B39 -> 0 | C38: =IFERROR(IF(LEN(TRIM(B38))>0,'Bang TH nop'!C39,""),"") -> 0 | D38: =IFERROR(IF(AND(LEN(TRIM(B38))>0,LEN(TRIM(C38))>0),'Bang TH nop'!AO39,""),"") -> 0 | I38: =IFERROR(IF(AND(LEN(TRIM(B38))>0,LEN(TRIM(C38))>0),'Bang TH nop'!BB39,0),0) -> 0 | J38: =IFERROR(IF(AND(LEN(TRIM(B38))>0,LEN(TRIM(C38))>0),'Bang TH nop'!AV39,0),0) -> 0 | K38: =IFERROR(IF(AND(LEN(TRIM(B38))>0,LEN(TRIM(C38))>0),'Bang TH nop'!AR39,0),0) -> 0 | L38: =IFERROR(IF(AND(LEN(TRIM(B38))>0,LEN(TRIM(C38))>0),'Bang TH nop'!AS39,0),0) -> 0 | M38: =IFERROR(IF(AND(LEN(TRIM(B38))>0,LEN(TRIM(C38))>0),'Bang TH nop'!AT39,0),0) -> 0 | N38: =IFERROR(IF(AND(LEN(TRIM(B38))>0,LEN(TRIM(C38))>0),'Bang TH nop'!AU39,0),0) -> 0 | O38: =IFERROR(IF(AND(LEN(TRIM(B38))>0,LEN(TRIM(C38))>0),'Bang TH nop'!BE39,0),0) -> 0 | P38: =IFERROR(IF(AND(LEN(TRIM(B38))>0,LEN(TRIM(C38))>0),'Bang TH nop'!AZ39,0),0) -> 0 | AA38: =IFERROR( IF(AND(LEN(TRIM(B38))>0,LEN(TRIM(C38))>0), 'Bang TH nop'!AH39, 0 ), 0 ) -> A
D39: =IFERROR(IF(AND(LEN(TRIM(B38))>0,LEN(TRIM(C38))>0),'Bang TH nop'!AP39,""),"") -> 0 | F39: =IFERROR(IF(AND(LEN(TRIM(B38))>0,LEN(TRIM(C38))>0),'Bang TH nop'!AL39,0),0) -> 0 | G39: =D39*I38/26 -> 0 | H39: =D39*J38*150%/(26*8) -> 0 | K39: =IFERROR( IF(AND(LEN(TRIM(B38))>0,LEN(TRIM(C38))>0), ROUND(D39/26*K38,0), 0 ), 0 ) -> 0 | L39: =IFERROR( IF(AND(LEN(TRIM(B38))>0,LEN(TRIM(C38))>0), ROUND(D39/26*L38,0), 0 ), 0 ) -> 0 | M39: =IFERROR( IF(AND(LEN(TRIM(B38))>0,LEN(TRIM(C38))>0), ROUND(D39/26*M38,0), 0 ), 0 ) -> 0 | N39: =IFERROR( IF(AND(LEN(TRIM(B38))>0,LEN(TRIM(C38))>0), D39*N38/(26*8), 0 ), 0 ) -> 0 | O39: =IFERROR( IF(AND(LEN(TRIM(B38))>0,LEN(TRIM(C38))>0), D39*O38/(26*8), 0 ), 0 ) -> 0 | P39: =IFERROR( IF(AND(LEN(TRIM(B38))>0,LEN(TRIM(C38))>0), (D39/26/8*P38), 0 ), 0 ) -> 0 | Q39: =IFERROR( IF(AND(LEN(TRIM(B38))>0,LEN(TRIM(C38))>0), 'Bang TH nop'!BC39, 0 ), 0 ) -> 0 | R39: =IFERROR( IF(AND(LEN(TRIM(B38))>0,LEN(TRIM(C38))>0), 'Bang TH nop'!BD39, 0 ), 0 ) -> 0 | S39: =IFERROR( IF(AND(LEN(TRIM(B38))>0,LEN(TRIM(C38))>0), 'Bang TH nop'!BJ39, 0 ), 0 ) -> 0 | T39: =IFERROR( IF(AND(LEN(TRIM(B38))>0,LEN(TRIM(C38))>0), IFERROR('Bang TH nop'!AW39,0)+IFERROR('Bang TH nop'!BH39,0), 0 ), 0 ) -> 0 | X39: =+IF(G39-I39<0,0,G39-I39) -> 0 | Y39: =+IF(H39-J39<0,0, H39-J39) -> 0 | Z39: =IFERROR( IF(AND(LEN(TRIM(B38))>0,LEN(TRIM(C38))>0), (X39+Y39)*25%, 0 ), 0 ) -> 0 | AA39: =IFERROR( IF(AND(LEN(TRIM(B38))>0,LEN(TRIM(C38))>0), 'Bang TH nop'!BG39, 0 ), 0 ) -> 0 | AB39: =IFERROR( IF(AND(LEN(TRIM(B38))>0,LEN(TRIM(C38))>0), SUM(I39:W39)+IFERROR(Z39,0)+IFERROR(AA39,0), 0 ), 0 ) -> 0 | AC39: =IFERROR( IF(AND(LEN(TRIM(B38))>0,LEN(TRIM(C38))>0), IF((26-(IFERROR(I38,0)+IFERROR(K38,0)+IFERROR(L38,0)+IFERROR(M38,0)))>12,0,D39*10.5%), 0 ), 0 ) -> 0 | AD39: =IFERROR( IF(AND(LEN(TRIM(B38))>0,LEN(TRIM(C38))>0), ROUND(IF(D39=4939000,D39*0.5%,0),-2), 0 ), 0 ) -> 0 | AE39: =IFERROR( IF(AND(LEN(TRIM(B38))>0,LEN(TRIM(C38))>0), ROUND(IFERROR(AB39,0)-IFERROR(AC39,0)-IFERROR(AD39,0),-2), 0 ), 0 ) -> 0 | AF39: =IFERROR( IF(AND(LEN(TRIM(B38))>0,LEN(TRIM(C38))>0), IFERROR('Bang TH nop'!AQ39,0)+IFERROR('Bang TH nop'!AT39,0)+IFERROR('Bang TH nop'!BF39,0), 0 ), 0 ) -> 0 | AI39: =IFERROR( IF(AND(LEN(TRIM(B38))>0,LEN(TRIM(C38))>0), AH39/AG39, 0 ), 0 ) -> 0 | AJ39: =IFERROR( IF(AND(LEN(TRIM(B38))>0,LEN(TRIM(C38))>0), AL39/AF39, 0 ), 0 ) -> 0 | AK39: =IFERROR( IF(AND(LEN(TRIM(B38))>0,LEN(TRIM(C38))>0), AJ39/AI39, 0 ), 0 ) -> 0 | AL39: =IFERROR( IF(AND(LEN(TRIM(B38))>0,LEN(TRIM(C38))>0), AB39/L39, 0 ), 0 ) -> 0
A40: =A38+1 -> 17 | B40: ='Bang TH nop'!B41 -> 0 | C40: =IFERROR(IF(LEN(TRIM(B40))>0,'Bang TH nop'!C41,""),"") -> 0 | D40: =IFERROR(IF(AND(LEN(TRIM(B40))>0,LEN(TRIM(C40))>0),'Bang TH nop'!AO41,""),"") -> 0 | I40: =IFERROR(IF(AND(LEN(TRIM(B40))>0,LEN(TRIM(C40))>0),'Bang TH nop'!BB41,0),0) -> 0 | J40: =IFERROR(IF(AND(LEN(TRIM(B40))>0,LEN(TRIM(C40))>0),'Bang TH nop'!AV41,0),0) -> 0 | K40: =IFERROR(IF(AND(LEN(TRIM(B40))>0,LEN(TRIM(C40))>0),'Bang TH nop'!AR41,0),0) -> 0 | L40: =IFERROR(IF(AND(LEN(TRIM(B40))>0,LEN(TRIM(C40))>0),'Bang TH nop'!AS41,0),0) -> 0 | M40: =IFERROR(IF(AND(LEN(TRIM(B40))>0,LEN(TRIM(C40))>0),'Bang TH nop'!AT41,0),0) -> 0 | N40: =IFERROR(IF(AND(LEN(TRIM(B40))>0,LEN(TRIM(C40))>0),'Bang TH nop'!AU41,0),0) -> 0 | O40: =IFERROR(IF(AND(LEN(TRIM(B40))>0,LEN(TRIM(C40))>0),'Bang TH nop'!BE41,0),0) -> 0 | P40: =IFERROR(IF(AND(LEN(TRIM(B40))>0,LEN(TRIM(C40))>0),'Bang TH nop'!AZ41,0),0) -> 0 | AA40: =IFERROR( IF(AND(LEN(TRIM(B40))>0,LEN(TRIM(C40))>0), 'Bang TH nop'!AH41, 0 ), 0 ) -> A
D41: =IFERROR(IF(AND(LEN(TRIM(B40))>0,LEN(TRIM(C40))>0),'Bang TH nop'!AP41,""),"") -> 0 | F41: =IFERROR(IF(AND(LEN(TRIM(B40))>0,LEN(TRIM(C40))>0),'Bang TH nop'!AL41,0),0) -> 0 | G41: =D41*I40/26 -> 0 | H41: =D41*J40*150%/(26*8) -> 0 | K41: =IFERROR( IF(AND(LEN(TRIM(B40))>0,LEN(TRIM(C40))>0), ROUND(D41/26*K40,0), 0 ), 0 ) -> 0 | L41: =IFERROR( IF(AND(LEN(TRIM(B40))>0,LEN(TRIM(C40))>0), ROUND(D41/26*L40,0), 0 ), 0 ) -> 0 | M41: =IFERROR( IF(AND(LEN(TRIM(B40))>0,LEN(TRIM(C40))>0), ROUND(D41/26*M40,0), 0 ), 0 ) -> 0 | N41: =IFERROR( IF(AND(LEN(TRIM(B40))>0,LEN(TRIM(C40))>0), D41*N40/(26*8), 0 ), 0 ) -> 0 | O41: =IFERROR( IF(AND(LEN(TRIM(B40))>0,LEN(TRIM(C40))>0), D41*O40/(26*8), 0 ), 0 ) -> 0 | P41: =IFERROR( IF(AND(LEN(TRIM(B40))>0,LEN(TRIM(C40))>0), (D41/26/8*P40), 0 ), 0 ) -> 0 | Q41: =IFERROR( IF(AND(LEN(TRIM(B40))>0,LEN(TRIM(C40))>0), 'Bang TH nop'!BC41, 0 ), 0 ) -> 0 | R41: =IFERROR( IF(AND(LEN(TRIM(B40))>0,LEN(TRIM(C40))>0), 'Bang TH nop'!BD41, 0 ), 0 ) -> 0 | S41: =IFERROR( IF(AND(LEN(TRIM(B40))>0,LEN(TRIM(C40))>0), 'Bang TH nop'!BJ41, 0 ), 0 ) -> 0 | T41: =IFERROR( IF(AND(LEN(TRIM(B40))>0,LEN(TRIM(C40))>0), IFERROR('Bang TH nop'!AW41,0)+IFERROR('Bang TH nop'!BH41,0), 0 ), 0 ) -> 0 | X41: =+IF(G41-I41<0,0,G41-I41) -> 0 | Y41: =+IF(H41-J41<0,0, H41-J41) -> 0 | Z41: =IFERROR( IF(AND(LEN(TRIM(B40))>0,LEN(TRIM(C40))>0), (X41+Y41)*25%, 0 ), 0 ) -> 0 | AA41: =IFERROR( IF(AND(LEN(TRIM(B40))>0,LEN(TRIM(C40))>0), 'Bang TH nop'!BG41, 0 ), 0 ) -> 0 | AB41: =IFERROR( IF(AND(LEN(TRIM(B40))>0,LEN(TRIM(C40))>0), SUM(I41:W41)+IFERROR(Z41,0)+IFERROR(AA41,0), 0 ), 0 ) -> 0 | AC41: =IFERROR( IF(AND(LEN(TRIM(B40))>0,LEN(TRIM(C40))>0), IF((26-(IFERROR(I40,0)+IFERROR(K40,0)+IFERROR(L40,0)+IFERROR(M40,0)))>12,0,D41*10.5%), 0 ), 0 ) -> 0 | AD41: =IFERROR( IF(AND(LEN(TRIM(B40))>0,LEN(TRIM(C40))>0), ROUND(IF(D41=4939000,D41*0.5%,0),-2), 0 ), 0 ) -> 0 | AE41: =IFERROR( IF(AND(LEN(TRIM(B40))>0,LEN(TRIM(C40))>0), ROUND(IFERROR(AB41,0)-IFERROR(AC41,0)-IFERROR(AD41,0),-2), 0 ), 0 ) -> 0 | AF41: =IFERROR( IF(AND(LEN(TRIM(B40))>0,LEN(TRIM(C40))>0), IFERROR('Bang TH nop'!AQ41,0)+IFERROR('Bang TH nop'!AT41,0)+IFERROR('Bang TH nop'!BF41,0), 0 ), 0 ) -> 0 | AI41: =IFERROR( IF(AND(LEN(TRIM(B40))>0,LEN(TRIM(C40))>0), AH41/AG41, 0 ), 0 ) -> 0 | AJ41: =IFERROR( IF(AND(LEN(TRIM(B40))>0,LEN(TRIM(C40))>0), AL41/AF41, 0 ), 0 ) -> 0 | AK41: =IFERROR( IF(AND(LEN(TRIM(B40))>0,LEN(TRIM(C40))>0), AJ41/AI41, 0 ), 0 ) -> 0 | AL41: =IFERROR( IF(AND(LEN(TRIM(B40))>0,LEN(TRIM(C40))>0), AB41/L41, 0 ), 0 ) -> 0
A42: =A40+1 -> 18 | B42: ='Bang TH nop'!B43 -> 0 | C42: =IFERROR(IF(LEN(TRIM(B42))>0,'Bang TH nop'!C43,""),"") -> 0 | D42: =IFERROR(IF(AND(LEN(TRIM(B42))>0,LEN(TRIM(C42))>0),'Bang TH nop'!AO43,""),"") -> 0 | I42: =IFERROR(IF(AND(LEN(TRIM(B42))>0,LEN(TRIM(C42))>0),'Bang TH nop'!BB43,0),0) -> 0 | J42: =IFERROR(IF(AND(LEN(TRIM(B42))>0,LEN(TRIM(C42))>0),'Bang TH nop'!AV43,0),0) -> 0 | K42: =IFERROR(IF(AND(LEN(TRIM(B42))>0,LEN(TRIM(C42))>0),'Bang TH nop'!AR43,0),0) -> 0 | L42: =IFERROR(IF(AND(LEN(TRIM(B42))>0,LEN(TRIM(C42))>0),'Bang TH nop'!AS43,0),0) -> 0 | M42: =IFERROR(IF(AND(LEN(TRIM(B42))>0,LEN(TRIM(C42))>0),'Bang TH nop'!AT43,0),0) -> 0 | N42: =IFERROR(IF(AND(LEN(TRIM(B42))>0,LEN(TRIM(C42))>0),'Bang TH nop'!AU43,0),0) -> 0 | O42: =IFERROR(IF(AND(LEN(TRIM(B42))>0,LEN(TRIM(C42))>0),'Bang TH nop'!BE43,0),0) -> 0 | P42: =IFERROR(IF(AND(LEN(TRIM(B42))>0,LEN(TRIM(C42))>0),'Bang TH nop'!AZ43,0),0) -> 0 | AA42: =IFERROR( IF(AND(LEN(TRIM(B42))>0,LEN(TRIM(C42))>0), 'Bang TH nop'!AH43, 0 ), 0 ) -> A
D43: =IFERROR(IF(AND(LEN(TRIM(B42))>0,LEN(TRIM(C42))>0),'Bang TH nop'!AP43,""),"") -> 0 | F43: =IFERROR(IF(AND(LEN(TRIM(B42))>0,LEN(TRIM(C42))>0),'Bang TH nop'!AL43,0),0) -> 0 | G43: =D43*I42/26 -> 0 | H43: =D43*J42*150%/(26*8) -> 0 | K43: =IFERROR( IF(AND(LEN(TRIM(B42))>0,LEN(TRIM(C42))>0), ROUND(D43/26*K42,0), 0 ), 0 ) -> 0 | L43: =IFERROR( IF(AND(LEN(TRIM(B42))>0,LEN(TRIM(C42))>0), ROUND(D43/26*L42,0), 0 ), 0 ) -> 0 | M43: =IFERROR( IF(AND(LEN(TRIM(B42))>0,LEN(TRIM(C42))>0), ROUND(D43/26*M42,0), 0 ), 0 ) -> 0 | N43: =IFERROR( IF(AND(LEN(TRIM(B42))>0,LEN(TRIM(C42))>0), D43*N42/(26*8), 0 ), 0 ) -> 0 | O43: =IFERROR( IF(AND(LEN(TRIM(B42))>0,LEN(TRIM(C42))>0), D43*O42/(26*8), 0 ), 0 ) -> 0 | P43: =IFERROR( IF(AND(LEN(TRIM(B42))>0,LEN(TRIM(C42))>0), (D43/26/8*P42), 0 ), 0 ) -> 0 | Q43: =IFERROR( IF(AND(LEN(TRIM(B42))>0,LEN(TRIM(C42))>0), 'Bang TH nop'!BC43, 0 ), 0 ) -> 0 | R43: =IFERROR( IF(AND(LEN(TRIM(B42))>0,LEN(TRIM(C42))>0), 'Bang TH nop'!BD43, 0 ), 0 ) -> 0 | S43: =IFERROR( IF(AND(LEN(TRIM(B42))>0,LEN(TRIM(C42))>0), 'Bang TH nop'!BJ43, 0 ), 0 ) -> 0 | T43: =IFERROR( IF(AND(LEN(TRIM(B42))>0,LEN(TRIM(C42))>0), IFERROR('Bang TH nop'!AW43,0)+IFERROR('Bang TH nop'!BH43,0), 0 ), 0 ) -> 0 | X43: =+IF(G43-I43<0,0,G43-I43) -> 0 | Y43: =+IF(H43-J43<0,0, H43-J43) -> 0 | Z43: =IFERROR( IF(AND(LEN(TRIM(B42))>0,LEN(TRIM(C42))>0), (X43+Y43)*25%, 0 ), 0 ) -> 0 | AA43: =IFERROR( IF(AND(LEN(TRIM(B42))>0,LEN(TRIM(C42))>0), 'Bang TH nop'!BG43, 0 ), 0 ) -> 0 | AB43: =IFERROR( IF(AND(LEN(TRIM(B42))>0,LEN(TRIM(C42))>0), SUM(I43:W43)+IFERROR(Z43,0)+IFERROR(AA43,0), 0 ), 0 ) -> 0 | AC43: =IFERROR( IF(AND(LEN(TRIM(B42))>0,LEN(TRIM(C42))>0), IF((26-(IFERROR(I42,0)+IFERROR(K42,0)+IFERROR(L42,0)+IFERROR(M42,0)))>12,0,D43*10.5%), 0 ), 0 ) -> 0 | AD43: =IFERROR( IF(AND(LEN(TRIM(B42))>0,LEN(TRIM(C42))>0), ROUND(IF(D43=4939000,D43*0.5%,0),-2), 0 ), 0 ) -> 0 | AE43: =IFERROR( IF(AND(LEN(TRIM(B42))>0,LEN(TRIM(C42))>0), ROUND(IFERROR(AB43,0)-IFERROR(AC43,0)-IFERROR(AD43,0),-2), 0 ), 0 ) -> 0 | AF43: =IFERROR( IF(AND(LEN(TRIM(B42))>0,LEN(TRIM(C42))>0), IFERROR('Bang TH nop'!AQ43,0)+IFERROR('Bang TH nop'!AT43,0)+IFERROR('Bang TH nop'!BF43,0), 0 ), 0 ) -> 0 | AI43: =IFERROR( IF(AND(LEN(TRIM(B42))>0,LEN(TRIM(C42))>0), AH43/AG43, 0 ), 0 ) -> 0 | AJ43: =IFERROR( IF(AND(LEN(TRIM(B42))>0,LEN(TRIM(C42))>0), AL43/AF43, 0 ), 0 ) -> 0 | AK43: =IFERROR( IF(AND(LEN(TRIM(B42))>0,LEN(TRIM(C42))>0), AJ43/AI43, 0 ), 0 ) -> 0 | AL43: =IFERROR( IF(AND(LEN(TRIM(B42))>0,LEN(TRIM(C42))>0), AB43/L43, 0 ), 0 ) -> 0
A44: =A42+1 -> 19 | B44: ='Bang TH nop'!B45 -> 0 | C44: =IFERROR(IF(LEN(TRIM(B44))>0,'Bang TH nop'!C45,""),"") -> 0 | D44: =IFERROR(IF(AND(LEN(TRIM(B44))>0,LEN(TRIM(C44))>0),'Bang TH nop'!AO45,""),"") -> 0 | I44: =IFERROR(IF(AND(LEN(TRIM(B44))>0,LEN(TRIM(C44))>0),'Bang TH nop'!BB45,0),0) -> 0 | J44: =IFERROR(IF(AND(LEN(TRIM(B44))>0,LEN(TRIM(C44))>0),'Bang TH nop'!AV45,0),0) -> 0 | K44: =IFERROR(IF(AND(LEN(TRIM(B44))>0,LEN(TRIM(C44))>0),'Bang TH nop'!AR45,0),0) -> 0 | L44: =IFERROR(IF(AND(LEN(TRIM(B44))>0,LEN(TRIM(C44))>0),'Bang TH nop'!AS45,0),0) -> 0 | M44: =IFERROR(IF(AND(LEN(TRIM(B44))>0,LEN(TRIM(C44))>0),'Bang TH nop'!AT45,0),0) -> 0 | N44: =IFERROR(IF(AND(LEN(TRIM(B44))>0,LEN(TRIM(C44))>0),'Bang TH nop'!AU45,0),0) -> 0 | O44: =IFERROR(IF(AND(LEN(TRIM(B44))>0,LEN(TRIM(C44))>0),'Bang TH nop'!BE45,0),0) -> 0 | P44: =IFERROR(IF(AND(LEN(TRIM(B44))>0,LEN(TRIM(C44))>0),'Bang TH nop'!AZ45,0),0) -> 0 | AA44: =IFERROR( IF(AND(LEN(TRIM(B44))>0,LEN(TRIM(C44))>0), 'Bang TH nop'!AH45, 0 ), 0 ) -> A
D45: =IFERROR(IF(AND(LEN(TRIM(B44))>0,LEN(TRIM(C44))>0),'Bang TH nop'!AP45,""),"") -> 0 | F45: =IFERROR(IF(AND(LEN(TRIM(B44))>0,LEN(TRIM(C44))>0),'Bang TH nop'!AL45,0),0) -> 0 | G45: =D45*I44/26 -> 0 | H45: =D45*J44*150%/(26*8) -> 0 | K45: =IFERROR( IF(AND(LEN(TRIM(B44))>0,LEN(TRIM(C44))>0), ROUND(D45/26*K44,0), 0 ), 0 ) -> 0 | L45: =IFERROR( IF(AND(LEN(TRIM(B44))>0,LEN(TRIM(C44))>0), ROUND(D45/26*L44,0), 0 ), 0 ) -> 0 | M45: =IFERROR( IF(AND(LEN(TRIM(B44))>0,LEN(TRIM(C44))>0), ROUND(D45/26*M44,0), 0 ), 0 ) -> 0 | N45: =IFERROR( IF(AND(LEN(TRIM(B44))>0,LEN(TRIM(C44))>0), D45*N44/(26*8), 0 ), 0 ) -> 0 | O45: =IFERROR( IF(AND(LEN(TRIM(B44))>0,LEN(TRIM(C44))>0), D45*O44/(26*8), 0 ), 0 ) -> 0 | P45: =IFERROR( IF(AND(LEN(TRIM(B44))>0,LEN(TRIM(C44))>0), (D45/26/8*P44), 0 ), 0 ) -> 0 | Q45: =IFERROR( IF(AND(LEN(TRIM(B44))>0,LEN(TRIM(C44))>0), 'Bang TH nop'!BC45, 0 ), 0 ) -> 0 | R45: =IFERROR( IF(AND(LEN(TRIM(B44))>0,LEN(TRIM(C44))>0), 'Bang TH nop'!BD45, 0 ), 0 ) -> 0 | S45: =IFERROR( IF(AND(LEN(TRIM(B44))>0,LEN(TRIM(C44))>0), 'Bang TH nop'!BJ45, 0 ), 0 ) -> 0 | T45: =IFERROR( IF(AND(LEN(TRIM(B44))>0,LEN(TRIM(C44))>0), IFERROR('Bang TH nop'!AW45,0)+IFERROR('Bang TH nop'!BH45,0), 0 ), 0 ) -> 0 | X45: =+IF(G45-I45<0,0,G45-I45) -> 0 | Y45: =+IF(H45-J45<0,0, H45-J45) -> 0 | Z45: =IFERROR( IF(AND(LEN(TRIM(B44))>0,LEN(TRIM(C44))>0), (X45+Y45)*25%, 0 ), 0 ) -> 0 | AA45: =IFERROR( IF(AND(LEN(TRIM(B44))>0,LEN(TRIM(C44))>0), 'Bang TH nop'!BG45, 0 ), 0 ) -> 0 | AB45: =IFERROR( IF(AND(LEN(TRIM(B44))>0,LEN(TRIM(C44))>0), SUM(I45:W45)+IFERROR(Z45,0)+IFERROR(AA45,0), 0 ), 0 ) -> 0 | AC45: =IFERROR( IF(AND(LEN(TRIM(B44))>0,LEN(TRIM(C44))>0), IF((26-(IFERROR(I44,0)+IFERROR(K44,0)+IFERROR(L44,0)+IFERROR(M44,0)))>12,0,D45*10.5%), 0 ), 0 ) -> 0 | AD45: =IFERROR( IF(AND(LEN(TRIM(B44))>0,LEN(TRIM(C44))>0), ROUND(IF(D45=4939000,D45*0.5%,0),-2), 0 ), 0 ) -> 0 | AE45: =IFERROR( IF(AND(LEN(TRIM(B44))>0,LEN(TRIM(C44))>0), ROUND(IFERROR(AB45,0)-IFERROR(AC45,0)-IFERROR(AD45,0),-2), 0 ), 0 ) -> 0 | AF45: =IFERROR( IF(AND(LEN(TRIM(B44))>0,LEN(TRIM(C44))>0), IFERROR('Bang TH nop'!AQ45,0)+IFERROR('Bang TH nop'!AT45,0)+IFERROR('Bang TH nop'!BF45,0), 0 ), 0 ) -> 0 | AI45: =IFERROR( IF(AND(LEN(TRIM(B44))>0,LEN(TRIM(C44))>0), AH45/AG45, 0 ), 0 ) -> 0 | AJ45: =IFERROR( IF(AND(LEN(TRIM(B44))>0,LEN(TRIM(C44))>0), AL45/AF45, 0 ), 0 ) -> 0 | AK45: =IFERROR( IF(AND(LEN(TRIM(B44))>0,LEN(TRIM(C44))>0), AJ45/AI45, 0 ), 0 ) -> 0 | AL45: =IFERROR( IF(AND(LEN(TRIM(B44))>0,LEN(TRIM(C44))>0), AB45/L45, 0 ), 0 ) -> 0
A46: =A44+1 -> 20 | B46: ='Bang TH nop'!B47 -> 0 | C46: =IFERROR(IF(LEN(TRIM(B46))>0,'Bang TH nop'!C47,""),"") -> 0 | D46: =IFERROR(IF(AND(LEN(TRIM(B46))>0,LEN(TRIM(C46))>0),'Bang TH nop'!AO47,""),"") -> 0 | I46: =IFERROR(IF(AND(LEN(TRIM(B46))>0,LEN(TRIM(C46))>0),'Bang TH nop'!BB47,0),0) -> 0 | J46: =IFERROR(IF(AND(LEN(TRIM(B46))>0,LEN(TRIM(C46))>0),'Bang TH nop'!AV47,0),0) -> 0 | K46: =IFERROR(IF(AND(LEN(TRIM(B46))>0,LEN(TRIM(C46))>0),'Bang TH nop'!AR47,0),0) -> 0 | L46: =IFERROR(IF(AND(LEN(TRIM(B46))>0,LEN(TRIM(C46))>0),'Bang TH nop'!AS47,0),0) -> 0 | M46: =IFERROR(IF(AND(LEN(TRIM(B46))>0,LEN(TRIM(C46))>0),'Bang TH nop'!AT47,0),0) -> 0 | N46: =IFERROR(IF(AND(LEN(TRIM(B46))>0,LEN(TRIM(C46))>0),'Bang TH nop'!AU47,0),0) -> 0 | O46: =IFERROR(IF(AND(LEN(TRIM(B46))>0,LEN(TRIM(C46))>0),'Bang TH nop'!BE47,0),0) -> 0 | P46: =IFERROR(IF(AND(LEN(TRIM(B46))>0,LEN(TRIM(C46))>0),'Bang TH nop'!AZ47,0),0) -> 0 | AA46: =IFERROR( IF(AND(LEN(TRIM(B46))>0,LEN(TRIM(C46))>0), 'Bang TH nop'!AH47, 0 ), 0 ) -> A
D47: =IFERROR(IF(AND(LEN(TRIM(B46))>0,LEN(TRIM(C46))>0),'Bang TH nop'!AP47,""),"") -> 0 | F47: =IFERROR(IF(AND(LEN(TRIM(B46))>0,LEN(TRIM(C46))>0),'Bang TH nop'!AL47,0),0) -> 0 | G47: =D47*I46/26 -> 0 | H47: =D47*J46*150%/(26*8) -> 0 | K47: =IFERROR( IF(AND(LEN(TRIM(B46))>0,LEN(TRIM(C46))>0), ROUND(D47/26*K46,0), 0 ), 0 ) -> 0 | L47: =IFERROR( IF(AND(LEN(TRIM(B46))>0,LEN(TRIM(C46))>0), ROUND(D47/26*L46,0), 0 ), 0 ) -> 0 | M47: =IFERROR( IF(AND(LEN(TRIM(B46))>0,LEN(TRIM(C46))>0), ROUND(D47/26*M46,0), 0 ), 0 ) -> 0 | N47: =IFERROR( IF(AND(LEN(TRIM(B46))>0,LEN(TRIM(C46))>0), D47*N46/(26*8), 0 ), 0 ) -> 0 | O47: =IFERROR( IF(AND(LEN(TRIM(B46))>0,LEN(TRIM(C46))>0), D47*O46/(26*8), 0 ), 0 ) -> 0 | P47: =IFERROR( IF(AND(LEN(TRIM(B46))>0,LEN(TRIM(C46))>0), (D47/26/8*P46), 0 ), 0 ) -> 0 | Q47: =IFERROR( IF(AND(LEN(TRIM(B46))>0,LEN(TRIM(C46))>0), 'Bang TH nop'!BC47, 0 ), 0 ) -> 0 | R47: =IFERROR( IF(AND(LEN(TRIM(B46))>0,LEN(TRIM(C46))>0), 'Bang TH nop'!BD47, 0 ), 0 ) -> 0 | S47: =IFERROR( IF(AND(LEN(TRIM(B46))>0,LEN(TRIM(C46))>0), 'Bang TH nop'!BJ47, 0 ), 0 ) -> 0 | T47: =IFERROR( IF(AND(LEN(TRIM(B46))>0,LEN(TRIM(C46))>0), IFERROR('Bang TH nop'!AW47,0)+IFERROR('Bang TH nop'!BH47,0), 0 ), 0 ) -> 0 | X47: =+IF(G47-I47<0,0,G47-I47) -> 0 | Y47: =+IF(H47-J47<0,0, H47-J47) -> 0 | Z47: =IFERROR( IF(AND(LEN(TRIM(B46))>0,LEN(TRIM(C46))>0), (X47+Y47)*25%, 0 ), 0 ) -> 0 | AA47: =IFERROR( IF(AND(LEN(TRIM(B46))>0,LEN(TRIM(C46))>0), 'Bang TH nop'!BG47, 0 ), 0 ) -> 0 | AB47: =IFERROR( IF(AND(LEN(TRIM(B46))>0,LEN(TRIM(C46))>0), SUM(I47:W47)+IFERROR(Z47,0)+IFERROR(AA47,0), 0 ), 0 ) -> 0 | AC47: =IFERROR( IF(AND(LEN(TRIM(B46))>0,LEN(TRIM(C46))>0), IF((26-(IFERROR(I46,0)+IFERROR(K46,0)+IFERROR(L46,0)+IFERROR(M46,0)))>12,0,D47*10.5%), 0 ), 0 ) -> 0 | AD47: =IFERROR( IF(AND(LEN(TRIM(B46))>0,LEN(TRIM(C46))>0), ROUND(IF(D47=4939000,D47*0.5%,0),-2), 0 ), 0 ) -> 0 | AE47: =IFERROR( IF(AND(LEN(TRIM(B46))>0,LEN(TRIM(C46))>0), ROUND(IFERROR(AB47,0)-IFERROR(AC47,0)-IFERROR(AD47,0),-2), 0 ), 0 ) -> 0 | AF47: =IFERROR( IF(AND(LEN(TRIM(B46))>0,LEN(TRIM(C46))>0), IFERROR('Bang TH nop'!AQ47,0)+IFERROR('Bang TH nop'!AT47,0)+IFERROR('Bang TH nop'!BF47,0), 0 ), 0 ) -> 0 | AI47: =IFERROR( IF(AND(LEN(TRIM(B46))>0,LEN(TRIM(C46))>0), AH47/AG47, 0 ), 0 ) -> 0 | AJ47: =IFERROR( IF(AND(LEN(TRIM(B46))>0,LEN(TRIM(C46))>0), AL47/AF47, 0 ), 0 ) -> 0 | AK47: =IFERROR( IF(AND(LEN(TRIM(B46))>0,LEN(TRIM(C46))>0), AJ47/AI47, 0 ), 0 ) -> 0 | AL47: =IFERROR( IF(AND(LEN(TRIM(B46))>0,LEN(TRIM(C46))>0), AB47/L47, 0 ), 0 ) -> 0
A48: =A46+1 -> 21 | B48: ='Bang TH nop'!B49 -> 0 | C48: =IFERROR(IF(LEN(TRIM(B48))>0,'Bang TH nop'!C49,""),"") -> 0 | D48: =IFERROR(IF(AND(LEN(TRIM(B48))>0,LEN(TRIM(C48))>0),'Bang TH nop'!AO49,""),"") -> 0 | I48: =IFERROR(IF(AND(LEN(TRIM(B48))>0,LEN(TRIM(C48))>0),'Bang TH nop'!BB49,0),0) -> 0 | J48: =IFERROR(IF(AND(LEN(TRIM(B48))>0,LEN(TRIM(C48))>0),'Bang TH nop'!AV49,0),0) -> 0 | K48: =IFERROR(IF(AND(LEN(TRIM(B48))>0,LEN(TRIM(C48))>0),'Bang TH nop'!AR49,0),0) -> 0 | L48: =IFERROR(IF(AND(LEN(TRIM(B48))>0,LEN(TRIM(C48))>0),'Bang TH nop'!AS49,0),0) -> 0 | M48: =IFERROR(IF(AND(LEN(TRIM(B48))>0,LEN(TRIM(C48))>0),'Bang TH nop'!AT49,0),0) -> 0 | N48: =IFERROR(IF(AND(LEN(TRIM(B48))>0,LEN(TRIM(C48))>0),'Bang TH nop'!AU49,0),0) -> 0 | O48: =IFERROR(IF(AND(LEN(TRIM(B48))>0,LEN(TRIM(C48))>0),'Bang TH nop'!BE49,0),0) -> 0 | P48: =IFERROR(IF(AND(LEN(TRIM(B48))>0,LEN(TRIM(C48))>0),'Bang TH nop'!AZ49,0),0) -> 0 | AA48: =IFERROR( IF(AND(LEN(TRIM(B48))>0,LEN(TRIM(C48))>0), 'Bang TH nop'!AH49, 0 ), 0 ) -> A
D49: =IFERROR(IF(AND(LEN(TRIM(B48))>0,LEN(TRIM(C48))>0),'Bang TH nop'!AP49,""),"") -> 0 | F49: =IFERROR(IF(AND(LEN(TRIM(B48))>0,LEN(TRIM(C48))>0),'Bang TH nop'!AL49,0),0) -> 0 | G49: =D49*I48/26 -> 0 | H49: =D49*J48*150%/(26*8) -> 0 | K49: =IFERROR( IF(AND(LEN(TRIM(B48))>0,LEN(TRIM(C48))>0), ROUND(D49/26*K48,0), 0 ), 0 ) -> 0 | L49: =IFERROR( IF(AND(LEN(TRIM(B48))>0,LEN(TRIM(C48))>0), ROUND(D49/26*L48,0), 0 ), 0 ) -> 0 | M49: =IFERROR( IF(AND(LEN(TRIM(B48))>0,LEN(TRIM(C48))>0), ROUND(D49/26*M48,0), 0 ), 0 ) -> 0 | N49: =IFERROR( IF(AND(LEN(TRIM(B48))>0,LEN(TRIM(C48))>0), D49*N48/(26*8), 0 ), 0 ) -> 0 | O49: =IFERROR( IF(AND(LEN(TRIM(B48))>0,LEN(TRIM(C48))>0), D49*O48/(26*8), 0 ), 0 ) -> 0 | P49: =IFERROR( IF(AND(LEN(TRIM(B48))>0,LEN(TRIM(C48))>0), (D49/26/8*P48), 0 ), 0 ) -> 0 | Q49: =IFERROR( IF(AND(LEN(TRIM(B48))>0,LEN(TRIM(C48))>0), 'Bang TH nop'!BC49, 0 ), 0 ) -> 0 | R49: =IFERROR( IF(AND(LEN(TRIM(B48))>0,LEN(TRIM(C48))>0), 'Bang TH nop'!BD49, 0 ), 0 ) -> 0 | S49: =IFERROR( IF(AND(LEN(TRIM(B48))>0,LEN(TRIM(C48))>0), 'Bang TH nop'!BJ49, 0 ), 0 ) -> 0 | T49: =IFERROR( IF(AND(LEN(TRIM(B48))>0,LEN(TRIM(C48))>0), IFERROR('Bang TH nop'!AW49,0)+IFERROR('Bang TH nop'!BH49,0), 0 ), 0 ) -> 0 | X49: =+IF(G49-I49<0,0,G49-I49) -> 0 | Y49: =+IF(H49-J49<0,0, H49-J49) -> 0 | Z49: =IFERROR( IF(AND(LEN(TRIM(B48))>0,LEN(TRIM(C48))>0), (X49+Y49)*25%, 0 ), 0 ) -> 0 | AA49: =IFERROR( IF(AND(LEN(TRIM(B48))>0,LEN(TRIM(C48))>0), 'Bang TH nop'!BG49, 0 ), 0 ) -> 0 | AB49: =IFERROR( IF(AND(LEN(TRIM(B48))>0,LEN(TRIM(C48))>0), SUM(I49:W49)+IFERROR(Z49,0)+IFERROR(AA49,0), 0 ), 0 ) -> 0 | AC49: =IFERROR( IF(AND(LEN(TRIM(B48))>0,LEN(TRIM(C48))>0), IF((26-(IFERROR(I48,0)+IFERROR(K48,0)+IFERROR(L48,0)+IFERROR(M48,0)))>12,0,D49*10.5%), 0 ), 0 ) -> 0 | AD49: =IFERROR( IF(AND(LEN(TRIM(B48))>0,LEN(TRIM(C48))>0), ROUND(IF(D49=4939000,D49*0.5%,0),-2), 0 ), 0 ) -> 0 | AE49: =IFERROR( IF(AND(LEN(TRIM(B48))>0,LEN(TRIM(C48))>0), ROUND(IFERROR(AB49,0)-IFERROR(AC49,0)-IFERROR(AD49,0),-2), 0 ), 0 ) -> 0 | AF49: =IFERROR( IF(AND(LEN(TRIM(B48))>0,LEN(TRIM(C48))>0), IFERROR('Bang TH nop'!AQ49,0)+IFERROR('Bang TH nop'!AT49,0)+IFERROR('Bang TH nop'!BF49,0), 0 ), 0 ) -> 0 | AI49: =IFERROR( IF(AND(LEN(TRIM(B48))>0,LEN(TRIM(C48))>0), AH49/AG49, 0 ), 0 ) -> 0 | AJ49: =IFERROR( IF(AND(LEN(TRIM(B48))>0,LEN(TRIM(C48))>0), AL49/AF49, 0 ), 0 ) -> 0 | AK49: =IFERROR( IF(AND(LEN(TRIM(B48))>0,LEN(TRIM(C48))>0), AJ49/AI49, 0 ), 0 ) -> 0 | AL49: =IFERROR( IF(AND(LEN(TRIM(B48))>0,LEN(TRIM(C48))>0), AB49/L49, 0 ), 0 ) -> 0
A50: =A48+1 -> 22 | B50: ='Bang TH nop'!B51 -> 0 | C50: =IFERROR(IF(LEN(TRIM(B50))>0,'Bang TH nop'!C51,""),"") -> 0 | D50: =IFERROR(IF(AND(LEN(TRIM(B50))>0,LEN(TRIM(C50))>0),'Bang TH nop'!AO51,""),"") -> 0 | I50: =IFERROR(IF(AND(LEN(TRIM(B50))>0,LEN(TRIM(C50))>0),'Bang TH nop'!BB51,0),0) -> 0 | J50: =IFERROR(IF(AND(LEN(TRIM(B50))>0,LEN(TRIM(C50))>0),'Bang TH nop'!AV51,0),0) -> 0 | K50: =IFERROR(IF(AND(LEN(TRIM(B50))>0,LEN(TRIM(C50))>0),'Bang TH nop'!AR51,0),0) -> 0 | L50: =IFERROR(IF(AND(LEN(TRIM(B50))>0,LEN(TRIM(C50))>0),'Bang TH nop'!AS51,0),0) -> 0 | M50: =IFERROR(IF(AND(LEN(TRIM(B50))>0,LEN(TRIM(C50))>0),'Bang TH nop'!AT51,0),0) -> 0 | N50: =IFERROR(IF(AND(LEN(TRIM(B50))>0,LEN(TRIM(C50))>0),'Bang TH nop'!AU51,0),0) -> 0 | O50: =IFERROR(IF(AND(LEN(TRIM(B50))>0,LEN(TRIM(C50))>0),'Bang TH nop'!BE51,0),0) -> 0 | P50: =IFERROR(IF(AND(LEN(TRIM(B50))>0,LEN(TRIM(C50))>0),'Bang TH nop'!AZ51,0),0) -> 0 | AA50: =IFERROR( IF(AND(LEN(TRIM(B50))>0,LEN(TRIM(C50))>0), 'Bang TH nop'!AH51, 0 ), 0 ) -> A
D51: =IFERROR(IF(AND(LEN(TRIM(B50))>0,LEN(TRIM(C50))>0),'Bang TH nop'!AP51,""),"") -> 0 | F51: =IFERROR(IF(AND(LEN(TRIM(B50))>0,LEN(TRIM(C50))>0),'Bang TH nop'!AL51,0),0) -> 0 | G51: =D51*I50/26 -> 0 | H51: =D51*J50*150%/(26*8) -> 0 | K51: =IFERROR( IF(AND(LEN(TRIM(B50))>0,LEN(TRIM(C50))>0), ROUND(D51/26*K50,0), 0 ), 0 ) -> 0 | L51: =IFERROR( IF(AND(LEN(TRIM(B50))>0,LEN(TRIM(C50))>0), ROUND(D51/26*L50,0), 0 ), 0 ) -> 0 | M51: =IFERROR( IF(AND(LEN(TRIM(B50))>0,LEN(TRIM(C50))>0), ROUND(D51/26*M50,0), 0 ), 0 ) -> 0 | N51: =IFERROR( IF(AND(LEN(TRIM(B50))>0,LEN(TRIM(C50))>0), D51*N50/(26*8), 0 ), 0 ) -> 0 | O51: =IFERROR( IF(AND(LEN(TRIM(B50))>0,LEN(TRIM(C50))>0), D51*O50/(26*8), 0 ), 0 ) -> 0 | P51: =IFERROR( IF(AND(LEN(TRIM(B50))>0,LEN(TRIM(C50))>0), (D51/26/8*P50), 0 ), 0 ) -> 0 | Q51: =IFERROR( IF(AND(LEN(TRIM(B50))>0,LEN(TRIM(C50))>0), 'Bang TH nop'!BC51, 0 ), 0 ) -> 0 | R51: =IFERROR( IF(AND(LEN(TRIM(B50))>0,LEN(TRIM(C50))>0), 'Bang TH nop'!BD51, 0 ), 0 ) -> 0 | S51: =IFERROR( IF(AND(LEN(TRIM(B50))>0,LEN(TRIM(C50))>0), 'Bang TH nop'!BJ51, 0 ), 0 ) -> 0 | T51: =IFERROR( IF(AND(LEN(TRIM(B50))>0,LEN(TRIM(C50))>0), IFERROR('Bang TH nop'!AW51,0)+IFERROR('Bang TH nop'!BH51,0), 0 ), 0 ) -> 0 | X51: =+IF(G51-I51<0,0,G51-I51) -> 0 | Y51: =+IF(H51-J51<0,0, H51-J51) -> 0 | Z51: =IFERROR( IF(AND(LEN(TRIM(B50))>0,LEN(TRIM(C50))>0), (X51+Y51)*25%, 0 ), 0 ) -> 0 | AA51: =IFERROR( IF(AND(LEN(TRIM(B50))>0,LEN(TRIM(C50))>0), 'Bang TH nop'!BG51, 0 ), 0 ) -> 0 | AB51: =IFERROR( IF(AND(LEN(TRIM(B50))>0,LEN(TRIM(C50))>0), SUM(I51:W51)+IFERROR(Z51,0)+IFERROR(AA51,0), 0 ), 0 ) -> 0 | AC51: =IFERROR( IF(AND(LEN(TRIM(B50))>0,LEN(TRIM(C50))>0), IF((26-(IFERROR(I50,0)+IFERROR(K50,0)+IFERROR(L50,0)+IFERROR(M50,0)))>12,0,D51*10.5%), 0 ), 0 ) -> 0 | AD51: =IFERROR( IF(AND(LEN(TRIM(B50))>0,LEN(TRIM(C50))>0), ROUND(IF(D51=4939000,D51*0.5%,0),-2), 0 ), 0 ) -> 0 | AE51: =IFERROR( IF(AND(LEN(TRIM(B50))>0,LEN(TRIM(C50))>0), ROUND(IFERROR(AB51,0)-IFERROR(AC51,0)-IFERROR(AD51,0),-2), 0 ), 0 ) -> 0 | AF51: =IFERROR( IF(AND(LEN(TRIM(B50))>0,LEN(TRIM(C50))>0), IFERROR('Bang TH nop'!AQ51,0)+IFERROR('Bang TH nop'!AT51,0)+IFERROR('Bang TH nop'!BF51,0), 0 ), 0 ) -> 0 | AI51: =IFERROR( IF(AND(LEN(TRIM(B50))>0,LEN(TRIM(C50))>0), AH51/AG51, 0 ), 0 ) -> 0 | AJ51: =IFERROR( IF(AND(LEN(TRIM(B50))>0,LEN(TRIM(C50))>0), AL51/AF51, 0 ), 0 ) -> 0 | AK51: =IFERROR( IF(AND(LEN(TRIM(B50))>0,LEN(TRIM(C50))>0), AJ51/AI51, 0 ), 0 ) -> 0 | AL51: =IFERROR( IF(AND(LEN(TRIM(B50))>0,LEN(TRIM(C50))>0), AB51/L51, 0 ), 0 ) -> 0
A52: =A50+1 -> 23 | B52: ='Bang TH nop'!B53 -> 0 | C52: =IFERROR(IF(LEN(TRIM(B52))>0,'Bang TH nop'!C53,""),"") -> 0 | D52: =IFERROR(IF(AND(LEN(TRIM(B52))>0,LEN(TRIM(C52))>0),'Bang TH nop'!AO53,""),"") -> 0 | I52: =IFERROR(IF(AND(LEN(TRIM(B52))>0,LEN(TRIM(C52))>0),'Bang TH nop'!BB53,0),0) -> 0 | J52: =IFERROR(IF(AND(LEN(TRIM(B52))>0,LEN(TRIM(C52))>0),'Bang TH nop'!AV53,0),0) -> 0 | K52: =IFERROR(IF(AND(LEN(TRIM(B52))>0,LEN(TRIM(C52))>0),'Bang TH nop'!AR53,0),0) -> 0 | L52: =IFERROR(IF(AND(LEN(TRIM(B52))>0,LEN(TRIM(C52))>0),'Bang TH nop'!AS53,0),0) -> 0 | M52: =IFERROR(IF(AND(LEN(TRIM(B52))>0,LEN(TRIM(C52))>0),'Bang TH nop'!AT53,0),0) -> 0 | N52: =IFERROR(IF(AND(LEN(TRIM(B52))>0,LEN(TRIM(C52))>0),'Bang TH nop'!AU53,0),0) -> 0 | O52: =IFERROR(IF(AND(LEN(TRIM(B52))>0,LEN(TRIM(C52))>0),'Bang TH nop'!BE53,0),0) -> 0 | P52: =IFERROR(IF(AND(LEN(TRIM(B52))>0,LEN(TRIM(C52))>0),'Bang TH nop'!AZ53,0),0) -> 0 | AA52: =IFERROR( IF(AND(LEN(TRIM(B52))>0,LEN(TRIM(C52))>0), 'Bang TH nop'!AH53, 0 ), 0 ) -> A
D53: =IFERROR(IF(AND(LEN(TRIM(B52))>0,LEN(TRIM(C52))>0),'Bang TH nop'!AP53,""),"") -> 0 | F53: =IFERROR(IF(AND(LEN(TRIM(B52))>0,LEN(TRIM(C52))>0),'Bang TH nop'!AL53,0),0) -> 0 | G53: =D53*I52/26 -> 0 | H53: =D53*J52*150%/(26*8) -> 0 | K53: =IFERROR( IF(AND(LEN(TRIM(B52))>0,LEN(TRIM(C52))>0), ROUND(D53/26*K52,0), 0 ), 0 ) -> 0 | L53: =IFERROR( IF(AND(LEN(TRIM(B52))>0,LEN(TRIM(C52))>0), ROUND(D53/26*L52,0), 0 ), 0 ) -> 0 | M53: =IFERROR( IF(AND(LEN(TRIM(B52))>0,LEN(TRIM(C52))>0), ROUND(D53/26*M52,0), 0 ), 0 ) -> 0 | N53: =IFERROR( IF(AND(LEN(TRIM(B52))>0,LEN(TRIM(C52))>0), D53*N52/(26*8), 0 ), 0 ) -> 0 | O53: =IFERROR( IF(AND(LEN(TRIM(B52))>0,LEN(TRIM(C52))>0), D53*O52/(26*8), 0 ), 0 ) -> 0 | P53: =IFERROR( IF(AND(LEN(TRIM(B52))>0,LEN(TRIM(C52))>0), (D53/26/8*P52), 0 ), 0 ) -> 0 | Q53: =IFERROR( IF(AND(LEN(TRIM(B52))>0,LEN(TRIM(C52))>0), 'Bang TH nop'!BC53, 0 ), 0 ) -> 0 | R53: =IFERROR( IF(AND(LEN(TRIM(B52))>0,LEN(TRIM(C52))>0), 'Bang TH nop'!BD53, 0 ), 0 ) -> 0 | S53: =IFERROR( IF(AND(LEN(TRIM(B52))>0,LEN(TRIM(C52))>0), 'Bang TH nop'!BJ53, 0 ), 0 ) -> 0 | T53: =IFERROR( IF(AND(LEN(TRIM(B52))>0,LEN(TRIM(C52))>0), IFERROR('Bang TH nop'!AW53,0)+IFERROR('Bang TH nop'!BH53,0), 0 ), 0 ) -> 0 | X53: =+IF(G53-I53<0,0,G53-I53) -> 0 | Y53: =+IF(H53-J53<0,0, H53-J53) -> 0 | Z53: =IFERROR( IF(AND(LEN(TRIM(B52))>0,LEN(TRIM(C52))>0), (X53+Y53)*25%, 0 ), 0 ) -> 0 | AA53: =IFERROR( IF(AND(LEN(TRIM(B52))>0,LEN(TRIM(C52))>0), 'Bang TH nop'!BG53, 0 ), 0 ) -> 0 | AB53: =IFERROR( IF(AND(LEN(TRIM(B52))>0,LEN(TRIM(C52))>0), SUM(I53:W53)+IFERROR(Z53,0)+IFERROR(AA53,0), 0 ), 0 ) -> 0 | AC53: =IFERROR( IF(AND(LEN(TRIM(B52))>0,LEN(TRIM(C52))>0), IF((26-(IFERROR(I52,0)+IFERROR(K52,0)+IFERROR(L52,0)+IFERROR(M52,0)))>12,0,D53*10.5%), 0 ), 0 ) -> 0 | AD53: =IFERROR( IF(AND(LEN(TRIM(B52))>0,LEN(TRIM(C52))>0), ROUND(IF(D53=4939000,D53*0.5%,0),-2), 0 ), 0 ) -> 0 | AE53: =IFERROR( IF(AND(LEN(TRIM(B52))>0,LEN(TRIM(C52))>0), ROUND(IFERROR(AB53,0)-IFERROR(AC53,0)-IFERROR(AD53,0),-2), 0 ), 0 ) -> 0 | AF53: =IFERROR( IF(AND(LEN(TRIM(B52))>0,LEN(TRIM(C52))>0), IFERROR('Bang TH nop'!AQ53,0)+IFERROR('Bang TH nop'!AT53,0)+IFERROR('Bang TH nop'!BF53,0), 0 ), 0 ) -> 0 | AI53: =IFERROR( IF(AND(LEN(TRIM(B52))>0,LEN(TRIM(C52))>0), AH53/AG53, 0 ), 0 ) -> 0 | AJ53: =IFERROR( IF(AND(LEN(TRIM(B52))>0,LEN(TRIM(C52))>0), AL53/AF53, 0 ), 0 ) -> 0 | AK53: =IFERROR( IF(AND(LEN(TRIM(B52))>0,LEN(TRIM(C52))>0), AJ53/AI53, 0 ), 0 ) -> 0 | AL53: =IFERROR( IF(AND(LEN(TRIM(B52))>0,LEN(TRIM(C52))>0), AB53/L53, 0 ), 0 ) -> 0
A54: =A52+1 -> 24 | B54: ='Bang TH nop'!B55 -> 0 | C54: =IFERROR(IF(LEN(TRIM(B54))>0,'Bang TH nop'!C55,""),"") -> 0 | D54: =IFERROR(IF(AND(LEN(TRIM(B54))>0,LEN(TRIM(C54))>0),'Bang TH nop'!AO55,""),"") -> 0 | I54: =IFERROR(IF(AND(LEN(TRIM(B54))>0,LEN(TRIM(C54))>0),'Bang TH nop'!BB55,0),0) -> 0 | J54: =IFERROR(IF(AND(LEN(TRIM(B54))>0,LEN(TRIM(C54))>0),'Bang TH nop'!AV55,0),0) -> 0 | K54: =IFERROR(IF(AND(LEN(TRIM(B54))>0,LEN(TRIM(C54))>0),'Bang TH nop'!AR55,0),0) -> 0 | L54: =IFERROR(IF(AND(LEN(TRIM(B54))>0,LEN(TRIM(C54))>0),'Bang TH nop'!AS55,0),0) -> 0 | M54: =IFERROR(IF(AND(LEN(TRIM(B54))>0,LEN(TRIM(C54))>0),'Bang TH nop'!AT55,0),0) -> 0 | N54: =IFERROR(IF(AND(LEN(TRIM(B54))>0,LEN(TRIM(C54))>0),'Bang TH nop'!AU55,0),0) -> 0 | O54: =IFERROR(IF(AND(LEN(TRIM(B54))>0,LEN(TRIM(C54))>0),'Bang TH nop'!BE55,0),0) -> 0 | P54: =IFERROR(IF(AND(LEN(TRIM(B54))>0,LEN(TRIM(C54))>0),'Bang TH nop'!AZ55,0),0) -> 0 | AA54: =IFERROR( IF(AND(LEN(TRIM(B54))>0,LEN(TRIM(C54))>0), 'Bang TH nop'!AH55, 0 ), 0 ) -> A
D55: =IFERROR(IF(AND(LEN(TRIM(B54))>0,LEN(TRIM(C54))>0),'Bang TH nop'!AP55,""),"") -> 0 | F55: =IFERROR(IF(AND(LEN(TRIM(B54))>0,LEN(TRIM(C54))>0),'Bang TH nop'!AL55,0),0) -> 0 | G55: =D55*I54/26 -> 0 | H55: =D55*J54*150%/(26*8) -> 0 | K55: =IFERROR( IF(AND(LEN(TRIM(B54))>0,LEN(TRIM(C54))>0), ROUND(D55/26*K54,0), 0 ), 0 ) -> 0 | L55: =IFERROR( IF(AND(LEN(TRIM(B54))>0,LEN(TRIM(C54))>0), ROUND(D55/26*L54,0), 0 ), 0 ) -> 0 | M55: =IFERROR( IF(AND(LEN(TRIM(B54))>0,LEN(TRIM(C54))>0), ROUND(D55/26*M54,0), 0 ), 0 ) -> 0 | N55: =IFERROR( IF(AND(LEN(TRIM(B54))>0,LEN(TRIM(C54))>0), D55*N54/(26*8), 0 ), 0 ) -> 0 | O55: =IFERROR( IF(AND(LEN(TRIM(B54))>0,LEN(TRIM(C54))>0), D55*O54/(26*8), 0 ), 0 ) -> 0 | P55: =IFERROR( IF(AND(LEN(TRIM(B54))>0,LEN(TRIM(C54))>0), (D55/26/8*P54), 0 ), 0 ) -> 0 | Q55: =IFERROR( IF(AND(LEN(TRIM(B54))>0,LEN(TRIM(C54))>0), 'Bang TH nop'!BC55, 0 ), 0 ) -> 0 | R55: =IFERROR( IF(AND(LEN(TRIM(B54))>0,LEN(TRIM(C54))>0), 'Bang TH nop'!BD55, 0 ), 0 ) -> 0 | S55: =IFERROR( IF(AND(LEN(TRIM(B54))>0,LEN(TRIM(C54))>0), 'Bang TH nop'!BJ55, 0 ), 0 ) -> 0 | T55: =IFERROR( IF(AND(LEN(TRIM(B54))>0,LEN(TRIM(C54))>0), IFERROR('Bang TH nop'!AW55,0)+IFERROR('Bang TH nop'!BH55,0), 0 ), 0 ) -> 0 | X55: =+IF(G55-I55<0,0,G55-I55) -> 0 | Y55: =+IF(H55-J55<0,0, H55-J55) -> 0 | Z55: =IFERROR( IF(AND(LEN(TRIM(B54))>0,LEN(TRIM(C54))>0), (X55+Y55)*25%, 0 ), 0 ) -> 0 | AA55: =IFERROR( IF(AND(LEN(TRIM(B54))>0,LEN(TRIM(C54))>0), 'Bang TH nop'!BG55, 0 ), 0 ) -> 0 | AB55: =IFERROR( IF(AND(LEN(TRIM(B54))>0,LEN(TRIM(C54))>0), SUM(I55:W55)+IFERROR(Z55,0)+IFERROR(AA55,0), 0 ), 0 ) -> 0 | AC55: =IFERROR( IF(AND(LEN(TRIM(B54))>0,LEN(TRIM(C54))>0), IF((26-(IFERROR(I54,0)+IFERROR(K54,0)+IFERROR(L54,0)+IFERROR(M54,0)))>12,0,D55*10.5%), 0 ), 0 ) -> 0 | AD55: =IFERROR( IF(AND(LEN(TRIM(B54))>0,LEN(TRIM(C54))>0), ROUND(IF(D55=4939000,D55*0.5%,0),-2), 0 ), 0 ) -> 0 | AE55: =IFERROR( IF(AND(LEN(TRIM(B54))>0,LEN(TRIM(C54))>0), ROUND(IFERROR(AB55,0)-IFERROR(AC55,0)-IFERROR(AD55,0),-2), 0 ), 0 ) -> 0 | AF55: =IFERROR( IF(AND(LEN(TRIM(B54))>0,LEN(TRIM(C54))>0), IFERROR('Bang TH nop'!AQ55,0)+IFERROR('Bang TH nop'!AT55,0)+IFERROR('Bang TH nop'!BF55,0), 0 ), 0 ) -> 0 | AI55: =IFERROR( IF(AND(LEN(TRIM(B54))>0,LEN(TRIM(C54))>0), AH55/AG55, 0 ), 0 ) -> 0 | AJ55: =IFERROR( IF(AND(LEN(TRIM(B54))>0,LEN(TRIM(C54))>0), AL55/AF55, 0 ), 0 ) -> 0 | AK55: =IFERROR( IF(AND(LEN(TRIM(B54))>0,LEN(TRIM(C54))>0), AJ55/AI55, 0 ), 0 ) -> 0 | AL55: =IFERROR( IF(AND(LEN(TRIM(B54))>0,LEN(TRIM(C54))>0), AB55/L55, 0 ), 0 ) -> 0
A56: =A54+1 -> 25 | B56: ='Bang TH nop'!B57 -> 0 | C56: =IFERROR(IF(LEN(TRIM(B56))>0,'Bang TH nop'!C57,""),"") -> 0 | D56: =IFERROR(IF(AND(LEN(TRIM(B56))>0,LEN(TRIM(C56))>0),'Bang TH nop'!AO57,""),"") -> 0 | I56: =IFERROR(IF(AND(LEN(TRIM(B56))>0,LEN(TRIM(C56))>0),'Bang TH nop'!BB57,0),0) -> 0 | J56: =IFERROR(IF(AND(LEN(TRIM(B56))>0,LEN(TRIM(C56))>0),'Bang TH nop'!AV57,0),0) -> 0 | K56: =IFERROR(IF(AND(LEN(TRIM(B56))>0,LEN(TRIM(C56))>0),'Bang TH nop'!AR57,0),0) -> 0 | L56: =IFERROR(IF(AND(LEN(TRIM(B56))>0,LEN(TRIM(C56))>0),'Bang TH nop'!AS57,0),0) -> 0 | M56: =IFERROR(IF(AND(LEN(TRIM(B56))>0,LEN(TRIM(C56))>0),'Bang TH nop'!AT57,0),0) -> 0 | N56: =IFERROR(IF(AND(LEN(TRIM(B56))>0,LEN(TRIM(C56))>0),'Bang TH nop'!AU57,0),0) -> 0 | O56: =IFERROR(IF(AND(LEN(TRIM(B56))>0,LEN(TRIM(C56))>0),'Bang TH nop'!BE57,0),0) -> 0 | P56: =IFERROR(IF(AND(LEN(TRIM(B56))>0,LEN(TRIM(C56))>0),'Bang TH nop'!AZ57,0),0) -> 0 | AA56: =IFERROR( IF(AND(LEN(TRIM(B56))>0,LEN(TRIM(C56))>0), 'Bang TH nop'!AH57, 0 ), 0 ) -> A
D57: =IFERROR(IF(AND(LEN(TRIM(B56))>0,LEN(TRIM(C56))>0),'Bang TH nop'!AP57,""),"") -> 0 | F57: =IFERROR(IF(AND(LEN(TRIM(B56))>0,LEN(TRIM(C56))>0),'Bang TH nop'!AL57,0),0) -> 0 | G57: =D57*I56/26 -> 0 | H57: =D57*J56*150%/(26*8) -> 0 | K57: =IFERROR( IF(AND(LEN(TRIM(B56))>0,LEN(TRIM(C56))>0), ROUND(D57/26*K56,0), 0 ), 0 ) -> 0 | L57: =IFERROR( IF(AND(LEN(TRIM(B56))>0,LEN(TRIM(C56))>0), ROUND(D57/26*L56,0), 0 ), 0 ) -> 0 | M57: =IFERROR( IF(AND(LEN(TRIM(B56))>0,LEN(TRIM(C56))>0), ROUND(D57/26*M56,0), 0 ), 0 ) -> 0 | N57: =IFERROR( IF(AND(LEN(TRIM(B56))>0,LEN(TRIM(C56))>0), D57*N56/(26*8), 0 ), 0 ) -> 0 | O57: =IFERROR( IF(AND(LEN(TRIM(B56))>0,LEN(TRIM(C56))>0), D57*O56/(26*8), 0 ), 0 ) -> 0 | P57: =IFERROR( IF(AND(LEN(TRIM(B56))>0,LEN(TRIM(C56))>0), (D57/26/8*P56), 0 ), 0 ) -> 0 | Q57: =IFERROR( IF(AND(LEN(TRIM(B56))>0,LEN(TRIM(C56))>0), 'Bang TH nop'!BC57, 0 ), 0 ) -> 0 | R57: =IFERROR( IF(AND(LEN(TRIM(B56))>0,LEN(TRIM(C56))>0), 'Bang TH nop'!BD57, 0 ), 0 ) -> 0 | S57: =IFERROR( IF(AND(LEN(TRIM(B56))>0,LEN(TRIM(C56))>0), 'Bang TH nop'!BJ57, 0 ), 0 ) -> 0 | T57: =IFERROR( IF(AND(LEN(TRIM(B56))>0,LEN(TRIM(C56))>0), IFERROR('Bang TH nop'!AW57,0)+IFERROR('Bang TH nop'!BH57,0), 0 ), 0 ) -> 0 | X57: =+IF(G57-I57<0,0,G57-I57) -> 0 | Y57: =+IF(H57-J57<0,0, H57-J57) -> 0 | Z57: =IFERROR( IF(AND(LEN(TRIM(B56))>0,LEN(TRIM(C56))>0), (X57+Y57)*25%, 0 ), 0 ) -> 0 | AA57: =IFERROR( IF(AND(LEN(TRIM(B56))>0,LEN(TRIM(C56))>0), 'Bang TH nop'!BG57, 0 ), 0 ) -> 0 | AB57: =IFERROR( IF(AND(LEN(TRIM(B56))>0,LEN(TRIM(C56))>0), SUM(I57:W57)+IFERROR(Z57,0)+IFERROR(AA57,0), 0 ), 0 ) -> 0 | AC57: =IFERROR( IF(AND(LEN(TRIM(B56))>0,LEN(TRIM(C56))>0), IF((26-(IFERROR(I56,0)+IFERROR(K56,0)+IFERROR(L56,0)+IFERROR(M56,0)))>12,0,D57*10.5%), 0 ), 0 ) -> 0 | AD57: =IFERROR( IF(AND(LEN(TRIM(B56))>0,LEN(TRIM(C56))>0), ROUND(IF(D57=4939000,D57*0.5%,0),-2), 0 ), 0 ) -> 0 | AE57: =IFERROR( IF(AND(LEN(TRIM(B56))>0,LEN(TRIM(C56))>0), ROUND(IFERROR(AB57,0)-IFERROR(AC57,0)-IFERROR(AD57,0),-2), 0 ), 0 ) -> 0 | AF57: =IFERROR( IF(AND(LEN(TRIM(B56))>0,LEN(TRIM(C56))>0), IFERROR('Bang TH nop'!AQ57,0)+IFERROR('Bang TH nop'!AT57,0)+IFERROR('Bang TH nop'!BF57,0), 0 ), 0 ) -> 0 | AI57: =IFERROR( IF(AND(LEN(TRIM(B56))>0,LEN(TRIM(C56))>0), AH57/AG57, 0 ), 0 ) -> 0 | AJ57: =IFERROR( IF(AND(LEN(TRIM(B56))>0,LEN(TRIM(C56))>0), AL57/AF57, 0 ), 0 ) -> 0 | AK57: =IFERROR( IF(AND(LEN(TRIM(B56))>0,LEN(TRIM(C56))>0), AJ57/AI57, 0 ), 0 ) -> 0 | AL57: =IFERROR( IF(AND(LEN(TRIM(B56))>0,LEN(TRIM(C56))>0), AB57/L57, 0 ), 0 ) -> 0
A58: =A56+1 -> 26 | B58: ='Bang TH nop'!B59 -> 0 | C58: =IFERROR(IF(LEN(TRIM(B58))>0,'Bang TH nop'!C59,""),"") -> 0 | D58: =IFERROR(IF(AND(LEN(TRIM(B58))>0,LEN(TRIM(C58))>0),'Bang TH nop'!AO59,""),"") -> 0 | I58: =IFERROR(IF(AND(LEN(TRIM(B58))>0,LEN(TRIM(C58))>0),'Bang TH nop'!BB59,0),0) -> 0 | J58: =IFERROR(IF(AND(LEN(TRIM(B58))>0,LEN(TRIM(C58))>0),'Bang TH nop'!AV59,0),0) -> 0 | K58: =IFERROR(IF(AND(LEN(TRIM(B58))>0,LEN(TRIM(C58))>0),'Bang TH nop'!AR59,0),0) -> 0 | L58: =IFERROR(IF(AND(LEN(TRIM(B58))>0,LEN(TRIM(C58))>0),'Bang TH nop'!AS59,0),0) -> 0 | M58: =IFERROR(IF(AND(LEN(TRIM(B58))>0,LEN(TRIM(C58))>0),'Bang TH nop'!AT59,0),0) -> 0 | N58: =IFERROR(IF(AND(LEN(TRIM(B58))>0,LEN(TRIM(C58))>0),'Bang TH nop'!AU59,0),0) -> 0 | O58: =IFERROR(IF(AND(LEN(TRIM(B58))>0,LEN(TRIM(C58))>0),'Bang TH nop'!BE59,0),0) -> 0 | P58: =IFERROR(IF(AND(LEN(TRIM(B58))>0,LEN(TRIM(C58))>0),'Bang TH nop'!AZ59,0),0) -> 0 | AA58: =IFERROR( IF(AND(LEN(TRIM(B58))>0,LEN(TRIM(C58))>0), 'Bang TH nop'!AH59, 0 ), 0 ) -> A
D59: =IFERROR(IF(AND(LEN(TRIM(B58))>0,LEN(TRIM(C58))>0),'Bang TH nop'!AP59,""),"") -> 0 | F59: =IFERROR(IF(AND(LEN(TRIM(B58))>0,LEN(TRIM(C58))>0),'Bang TH nop'!AL59,0),0) -> 0 | G59: =D59*I58/26 -> 0 | H59: =D59*J58*150%/(26*8) -> 0 | K59: =IFERROR( IF(AND(LEN(TRIM(B58))>0,LEN(TRIM(C58))>0), ROUND(D59/26*K58,0), 0 ), 0 ) -> 0 | L59: =IFERROR( IF(AND(LEN(TRIM(B58))>0,LEN(TRIM(C58))>0), ROUND(D59/26*L58,0), 0 ), 0 ) -> 0 | M59: =IFERROR( IF(AND(LEN(TRIM(B58))>0,LEN(TRIM(C58))>0), ROUND(D59/26*M58,0), 0 ), 0 ) -> 0 | N59: =IFERROR( IF(AND(LEN(TRIM(B58))>0,LEN(TRIM(C58))>0), D59*N58/(26*8), 0 ), 0 ) -> 0 | O59: =IFERROR( IF(AND(LEN(TRIM(B58))>0,LEN(TRIM(C58))>0), D59*O58/(26*8), 0 ), 0 ) -> 0 | P59: =IFERROR( IF(AND(LEN(TRIM(B58))>0,LEN(TRIM(C58))>0), (D59/26/8*P58), 0 ), 0 ) -> 0 | Q59: =IFERROR( IF(AND(LEN(TRIM(B58))>0,LEN(TRIM(C58))>0), 'Bang TH nop'!BC59, 0 ), 0 ) -> 0 | R59: =IFERROR( IF(AND(LEN(TRIM(B58))>0,LEN(TRIM(C58))>0), 'Bang TH nop'!BD59, 0 ), 0 ) -> 0 | S59: =IFERROR( IF(AND(LEN(TRIM(B58))>0,LEN(TRIM(C58))>0), 'Bang TH nop'!BJ59, 0 ), 0 ) -> 0 | T59: =IFERROR( IF(AND(LEN(TRIM(B58))>0,LEN(TRIM(C58))>0), IFERROR('Bang TH nop'!AW59,0)+IFERROR('Bang TH nop'!BH59,0), 0 ), 0 ) -> 0 | X59: =+IF(G59-I59<0,0,G59-I59) -> 0 | Y59: =+IF(H59-J59<0,0, H59-J59) -> 0 | Z59: =IFERROR( IF(AND(LEN(TRIM(B58))>0,LEN(TRIM(C58))>0), (X59+Y59)*25%, 0 ), 0 ) -> 0 | AA59: =IFERROR( IF(AND(LEN(TRIM(B58))>0,LEN(TRIM(C58))>0), 'Bang TH nop'!BG59, 0 ), 0 ) -> 0 | AB59: =IFERROR( IF(AND(LEN(TRIM(B58))>0,LEN(TRIM(C58))>0), SUM(I59:W59)+IFERROR(Z59,0)+IFERROR(AA59,0), 0 ), 0 ) -> 0 | AC59: =IFERROR( IF(AND(LEN(TRIM(B58))>0,LEN(TRIM(C58))>0), IF((26-(IFERROR(I58,0)+IFERROR(K58,0)+IFERROR(L58,0)+IFERROR(M58,0)))>12,0,D59*10.5%), 0 ), 0 ) -> 0 | AD59: =IFERROR( IF(AND(LEN(TRIM(B58))>0,LEN(TRIM(C58))>0), ROUND(IF(D59=4939000,D59*0.5%,0),-2), 0 ), 0 ) -> 0 | AE59: =IFERROR( IF(AND(LEN(TRIM(B58))>0,LEN(TRIM(C58))>0), ROUND(IFERROR(AB59,0)-IFERROR(AC59,0)-IFERROR(AD59,0),-2), 0 ), 0 ) -> 0 | AF59: =IFERROR( IF(AND(LEN(TRIM(B58))>0,LEN(TRIM(C58))>0), IFERROR('Bang TH nop'!AQ59,0)+IFERROR('Bang TH nop'!AT59,0)+IFERROR('Bang TH nop'!BF59,0), 0 ), 0 ) -> 0 | AI59: =IFERROR( IF(AND(LEN(TRIM(B58))>0,LEN(TRIM(C58))>0), AH59/AG59, 0 ), 0 ) -> 0 | AJ59: =IFERROR( IF(AND(LEN(TRIM(B58))>0,LEN(TRIM(C58))>0), AL59/AF59, 0 ), 0 ) -> 0 | AK59: =IFERROR( IF(AND(LEN(TRIM(B58))>0,LEN(TRIM(C58))>0), AJ59/AI59, 0 ), 0 ) -> 0 | AL59: =IFERROR( IF(AND(LEN(TRIM(B58))>0,LEN(TRIM(C58))>0), AB59/L59, 0 ), 0 ) -> 0
A60: =A58+1 -> 27 | B60: ='Bang TH nop'!B61 -> 0 | C60: =IFERROR(IF(LEN(TRIM(B60))>0,'Bang TH nop'!C61,""),"") -> 0 | D60: =IFERROR(IF(AND(LEN(TRIM(B60))>0,LEN(TRIM(C60))>0),'Bang TH nop'!AO61,""),"") -> 0 | I60: =IFERROR(IF(AND(LEN(TRIM(B60))>0,LEN(TRIM(C60))>0),'Bang TH nop'!BB61,0),0) -> 0 | J60: =IFERROR(IF(AND(LEN(TRIM(B60))>0,LEN(TRIM(C60))>0),'Bang TH nop'!AV61,0),0) -> 0 | K60: =IFERROR(IF(AND(LEN(TRIM(B60))>0,LEN(TRIM(C60))>0),'Bang TH nop'!AR61,0),0) -> 0 | L60: =IFERROR(IF(AND(LEN(TRIM(B60))>0,LEN(TRIM(C60))>0),'Bang TH nop'!AS61,0),0) -> 0 | M60: =IFERROR(IF(AND(LEN(TRIM(B60))>0,LEN(TRIM(C60))>0),'Bang TH nop'!AT61,0),0) -> 0 | N60: =IFERROR(IF(AND(LEN(TRIM(B60))>0,LEN(TRIM(C60))>0),'Bang TH nop'!AU61,0),0) -> 0 | O60: =IFERROR(IF(AND(LEN(TRIM(B60))>0,LEN(TRIM(C60))>0),'Bang TH nop'!BE61,0),0) -> 0 | P60: =IFERROR(IF(AND(LEN(TRIM(B60))>0,LEN(TRIM(C60))>0),'Bang TH nop'!AZ61,0),0) -> 0 | AA60: =IFERROR( IF(AND(LEN(TRIM(B60))>0,LEN(TRIM(C60))>0), 'Bang TH nop'!AH61, 0 ), 0 ) -> A
D61: =IFERROR(IF(AND(LEN(TRIM(B60))>0,LEN(TRIM(C60))>0),'Bang TH nop'!AP61,""),"") -> 0 | F61: =IFERROR(IF(AND(LEN(TRIM(B60))>0,LEN(TRIM(C60))>0),'Bang TH nop'!AL61,0),0) -> 0 | G61: =D61*I60/26 -> 0 | H61: =D61*J60*150%/(26*8) -> 0 | K61: =IFERROR( IF(AND(LEN(TRIM(B60))>0,LEN(TRIM(C60))>0), ROUND(D61/26*K60,0), 0 ), 0 ) -> 0 | L61: =IFERROR( IF(AND(LEN(TRIM(B60))>0,LEN(TRIM(C60))>0), ROUND(D61/26*L60,0), 0 ), 0 ) -> 0 | M61: =IFERROR( IF(AND(LEN(TRIM(B60))>0,LEN(TRIM(C60))>0), ROUND(D61/26*M60,0), 0 ), 0 ) -> 0 | N61: =IFERROR( IF(AND(LEN(TRIM(B60))>0,LEN(TRIM(C60))>0), D61*N60/(26*8), 0 ), 0 ) -> 0 | O61: =IFERROR( IF(AND(LEN(TRIM(B60))>0,LEN(TRIM(C60))>0), D61*O60/(26*8), 0 ), 0 ) -> 0 | P61: =IFERROR( IF(AND(LEN(TRIM(B60))>0,LEN(TRIM(C60))>0), (D61/26/8*P60), 0 ), 0 ) -> 0 | Q61: =IFERROR( IF(AND(LEN(TRIM(B60))>0,LEN(TRIM(C60))>0), 'Bang TH nop'!BC61, 0 ), 0 ) -> 0 | R61: =IFERROR( IF(AND(LEN(TRIM(B60))>0,LEN(TRIM(C60))>0), 'Bang TH nop'!BD61, 0 ), 0 ) -> 0 | S61: =IFERROR( IF(AND(LEN(TRIM(B60))>0,LEN(TRIM(C60))>0), 'Bang TH nop'!BJ61, 0 ), 0 ) -> 0 | T61: =IFERROR( IF(AND(LEN(TRIM(B60))>0,LEN(TRIM(C60))>0), IFERROR('Bang TH nop'!AW61,0)+IFERROR('Bang TH nop'!BH61,0), 0 ), 0 ) -> 0 | X61: =+IF(G61-I61<0,0,G61-I61) -> 0 | Y61: =+IF(H61-J61<0,0, H61-J61) -> 0 | Z61: =IFERROR( IF(AND(LEN(TRIM(B60))>0,LEN(TRIM(C60))>0), (X61+Y61)*25%, 0 ), 0 ) -> 0 | AA61: =IFERROR( IF(AND(LEN(TRIM(B60))>0,LEN(TRIM(C60))>0), 'Bang TH nop'!BG61, 0 ), 0 ) -> 0 | AB61: =IFERROR( IF(AND(LEN(TRIM(B60))>0,LEN(TRIM(C60))>0), SUM(I61:W61)+IFERROR(Z61,0)+IFERROR(AA61,0), 0 ), 0 ) -> 0 | AC61: =IFERROR( IF(AND(LEN(TRIM(B60))>0,LEN(TRIM(C60))>0), IF((26-(IFERROR(I60,0)+IFERROR(K60,0)+IFERROR(L60,0)+IFERROR(M60,0)))>12,0,D61*10.5%), 0 ), 0 ) -> 0 | AD61: =IFERROR( IF(AND(LEN(TRIM(B60))>0,LEN(TRIM(C60))>0), ROUND(IF(D61=4939000,D61*0.5%,0),-2), 0 ), 0 ) -> 0 | AE61: =IFERROR( IF(AND(LEN(TRIM(B60))>0,LEN(TRIM(C60))>0), ROUND(IFERROR(AB61,0)-IFERROR(AC61,0)-IFERROR(AD61,0),-2), 0 ), 0 ) -> 0 | AF61: =IFERROR( IF(AND(LEN(TRIM(B60))>0,LEN(TRIM(C60))>0), IFERROR('Bang TH nop'!AQ61,0)+IFERROR('Bang TH nop'!AT61,0)+IFERROR('Bang TH nop'!BF61,0), 0 ), 0 ) -> 0 | AI61: =IFERROR( IF(AND(LEN(TRIM(B60))>0,LEN(TRIM(C60))>0), AH61/AG61, 0 ), 0 ) -> 0 | AJ61: =IFERROR( IF(AND(LEN(TRIM(B60))>0,LEN(TRIM(C60))>0), AL61/AF61, 0 ), 0 ) -> 0 | AK61: =IFERROR( IF(AND(LEN(TRIM(B60))>0,LEN(TRIM(C60))>0), AJ61/AI61, 0 ), 0 ) -> 0 | AL61: =IFERROR( IF(AND(LEN(TRIM(B60))>0,LEN(TRIM(C60))>0), AB61/L61, 0 ), 0 ) -> 0
A62: =A60+1 -> 28 | B62: ='Bang TH nop'!B63 -> 0 | C62: =IFERROR(IF(LEN(TRIM(B62))>0,'Bang TH nop'!C63,""),"") -> 0 | D62: =IFERROR(IF(AND(LEN(TRIM(B62))>0,LEN(TRIM(C62))>0),'Bang TH nop'!AO63,""),"") -> 0 | I62: =IFERROR(IF(AND(LEN(TRIM(B62))>0,LEN(TRIM(C62))>0),'Bang TH nop'!BB63,0),0) -> 0 | J62: =IFERROR(IF(AND(LEN(TRIM(B62))>0,LEN(TRIM(C62))>0),'Bang TH nop'!AV63,0),0) -> 0 | K62: =IFERROR(IF(AND(LEN(TRIM(B62))>0,LEN(TRIM(C62))>0),'Bang TH nop'!AR63,0),0) -> 0 | L62: =IFERROR(IF(AND(LEN(TRIM(B62))>0,LEN(TRIM(C62))>0),'Bang TH nop'!AS63,0),0) -> 0 | M62: =IFERROR(IF(AND(LEN(TRIM(B62))>0,LEN(TRIM(C62))>0),'Bang TH nop'!AT63,0),0) -> 0 | N62: =IFERROR(IF(AND(LEN(TRIM(B62))>0,LEN(TRIM(C62))>0),'Bang TH nop'!AU63,0),0) -> 0 | O62: =IFERROR(IF(AND(LEN(TRIM(B62))>0,LEN(TRIM(C62))>0),'Bang TH nop'!BE63,0),0) -> 0 | P62: =IFERROR(IF(AND(LEN(TRIM(B62))>0,LEN(TRIM(C62))>0),'Bang TH nop'!AZ63,0),0) -> 0 | AA62: =IFERROR( IF(AND(LEN(TRIM(B62))>0,LEN(TRIM(C62))>0), 'Bang TH nop'!AH63, 0 ), 0 ) -> A
D63: =IFERROR(IF(AND(LEN(TRIM(B62))>0,LEN(TRIM(C62))>0),'Bang TH nop'!AP63,""),"") -> 0 | F63: =IFERROR(IF(AND(LEN(TRIM(B62))>0,LEN(TRIM(C62))>0),'Bang TH nop'!AL63,0),0) -> 0 | G63: =D63*I62/26 -> 0 | H63: =D63*J62*150%/(26*8) -> 0 | K63: =IFERROR( IF(AND(LEN(TRIM(B62))>0,LEN(TRIM(C62))>0), ROUND(D63/26*K62,0), 0 ), 0 ) -> 0 | L63: =IFERROR( IF(AND(LEN(TRIM(B62))>0,LEN(TRIM(C62))>0), ROUND(D63/26*L62,0), 0 ), 0 ) -> 0 | M63: =IFERROR( IF(AND(LEN(TRIM(B62))>0,LEN(TRIM(C62))>0), ROUND(D63/26*M62,0), 0 ), 0 ) -> 0 | N63: =IFERROR( IF(AND(LEN(TRIM(B62))>0,LEN(TRIM(C62))>0), D63*N62/(26*8), 0 ), 0 ) -> 0 | O63: =IFERROR( IF(AND(LEN(TRIM(B62))>0,LEN(TRIM(C62))>0), D63*O62/(26*8), 0 ), 0 ) -> 0 | P63: =IFERROR( IF(AND(LEN(TRIM(B62))>0,LEN(TRIM(C62))>0), (D63/26/8*P62), 0 ), 0 ) -> 0 | Q63: =IFERROR( IF(AND(LEN(TRIM(B62))>0,LEN(TRIM(C62))>0), 'Bang TH nop'!BC63, 0 ), 0 ) -> 0 | R63: =IFERROR( IF(AND(LEN(TRIM(B62))>0,LEN(TRIM(C62))>0), 'Bang TH nop'!BD63, 0 ), 0 ) -> 0 | S63: =IFERROR( IF(AND(LEN(TRIM(B62))>0,LEN(TRIM(C62))>0), 'Bang TH nop'!BJ63, 0 ), 0 ) -> 0 | T63: =IFERROR( IF(AND(LEN(TRIM(B62))>0,LEN(TRIM(C62))>0), IFERROR('Bang TH nop'!AW63,0)+IFERROR('Bang TH nop'!BH63,0), 0 ), 0 ) -> 0 | X63: =+IF(G63-I63<0,0,G63-I63) -> 0 | Y63: =+IF(H63-J63<0,0, H63-J63) -> 0 | Z63: =IFERROR( IF(AND(LEN(TRIM(B62))>0,LEN(TRIM(C62))>0), (X63+Y63)*25%, 0 ), 0 ) -> 0 | AA63: =IFERROR( IF(AND(LEN(TRIM(B62))>0,LEN(TRIM(C62))>0), 'Bang TH nop'!BG63, 0 ), 0 ) -> 0 | AB63: =IFERROR( IF(AND(LEN(TRIM(B62))>0,LEN(TRIM(C62))>0), SUM(I63:W63)+IFERROR(Z63,0)+IFERROR(AA63,0), 0 ), 0 ) -> 0 | AC63: =IFERROR( IF(AND(LEN(TRIM(B62))>0,LEN(TRIM(C62))>0), IF((26-(IFERROR(I62,0)+IFERROR(K62,0)+IFERROR(L62,0)+IFERROR(M62,0)))>12,0,D63*10.5%), 0 ), 0 ) -> 0 | AD63: =IFERROR( IF(AND(LEN(TRIM(B62))>0,LEN(TRIM(C62))>0), ROUND(IF(D63=4939000,D63*0.5%,0),-2), 0 ), 0 ) -> 0 | AE63: =IFERROR( IF(AND(LEN(TRIM(B62))>0,LEN(TRIM(C62))>0), ROUND(IFERROR(AB63,0)-IFERROR(AC63,0)-IFERROR(AD63,0),-2), 0 ), 0 ) -> 0 | AF63: =IFERROR( IF(AND(LEN(TRIM(B62))>0,LEN(TRIM(C62))>0), IFERROR('Bang TH nop'!AQ63,0)+IFERROR('Bang TH nop'!AT63,0)+IFERROR('Bang TH nop'!BF63,0), 0 ), 0 ) -> 0 | AI63: =IFERROR( IF(AND(LEN(TRIM(B62))>0,LEN(TRIM(C62))>0), AH63/AG63, 0 ), 0 ) -> 0 | AJ63: =IFERROR( IF(AND(LEN(TRIM(B62))>0,LEN(TRIM(C62))>0), AL63/AF63, 0 ), 0 ) -> 0 | AK63: =IFERROR( IF(AND(LEN(TRIM(B62))>0,LEN(TRIM(C62))>0), AJ63/AI63, 0 ), 0 ) -> 0 | AL63: =IFERROR( IF(AND(LEN(TRIM(B62))>0,LEN(TRIM(C62))>0), AB63/L63, 0 ), 0 ) -> 0
A64: =A62+1 -> 29 | B64: ='Bang TH nop'!B65 -> 0 | C64: =IFERROR(IF(LEN(TRIM(B64))>0,'Bang TH nop'!C65,""),"") -> 0 | D64: =IFERROR(IF(AND(LEN(TRIM(B64))>0,LEN(TRIM(C64))>0),'Bang TH nop'!AO65,""),"") -> 0 | I64: =IFERROR(IF(AND(LEN(TRIM(B64))>0,LEN(TRIM(C64))>0),'Bang TH nop'!BB65,0),0) -> 0 | J64: =IFERROR(IF(AND(LEN(TRIM(B64))>0,LEN(TRIM(C64))>0),'Bang TH nop'!AV65,0),0) -> 0 | K64: =IFERROR(IF(AND(LEN(TRIM(B64))>0,LEN(TRIM(C64))>0),'Bang TH nop'!AR65,0),0) -> 0 | L64: =IFERROR(IF(AND(LEN(TRIM(B64))>0,LEN(TRIM(C64))>0),'Bang TH nop'!AS65,0),0) -> 0 | M64: =IFERROR(IF(AND(LEN(TRIM(B64))>0,LEN(TRIM(C64))>0),'Bang TH nop'!AT65,0),0) -> 0 | N64: =IFERROR(IF(AND(LEN(TRIM(B64))>0,LEN(TRIM(C64))>0),'Bang TH nop'!AU65,0),0) -> 0 | O64: =IFERROR(IF(AND(LEN(TRIM(B64))>0,LEN(TRIM(C64))>0),'Bang TH nop'!BE65,0),0) -> 0 | P64: =IFERROR(IF(AND(LEN(TRIM(B64))>0,LEN(TRIM(C64))>0),'Bang TH nop'!AZ65,0),0) -> 0 | AA64: =IFERROR( IF(AND(LEN(TRIM(B64))>0,LEN(TRIM(C64))>0), 'Bang TH nop'!AH65, 0 ), 0 ) -> A
D65: =IFERROR(IF(AND(LEN(TRIM(B64))>0,LEN(TRIM(C64))>0),'Bang TH nop'!AP65,""),"") -> 0 | F65: =IFERROR(IF(AND(LEN(TRIM(B64))>0,LEN(TRIM(C64))>0),'Bang TH nop'!AL65,0),0) -> 0 | G65: =D65*I64/26 -> 0 | H65: =D65*J64*150%/(26*8) -> 0 | K65: =IFERROR( IF(AND(LEN(TRIM(B64))>0,LEN(TRIM(C64))>0), ROUND(D65/26*K64,0), 0 ), 0 ) -> 0 | L65: =IFERROR( IF(AND(LEN(TRIM(B64))>0,LEN(TRIM(C64))>0), ROUND(D65/26*L64,0), 0 ), 0 ) -> 0 | M65: =IFERROR( IF(AND(LEN(TRIM(B64))>0,LEN(TRIM(C64))>0), ROUND(D65/26*M64,0), 0 ), 0 ) -> 0 | N65: =IFERROR( IF(AND(LEN(TRIM(B64))>0,LEN(TRIM(C64))>0), D65*N64/(26*8), 0 ), 0 ) -> 0 | O65: =IFERROR( IF(AND(LEN(TRIM(B64))>0,LEN(TRIM(C64))>0), D65*O64/(26*8), 0 ), 0 ) -> 0 | P65: =IFERROR( IF(AND(LEN(TRIM(B64))>0,LEN(TRIM(C64))>0), (D65/26/8*P64), 0 ), 0 ) -> 0 | Q65: =IFERROR( IF(AND(LEN(TRIM(B64))>0,LEN(TRIM(C64))>0), 'Bang TH nop'!BC65, 0 ), 0 ) -> 0 | R65: =IFERROR( IF(AND(LEN(TRIM(B64))>0,LEN(TRIM(C64))>0), 'Bang TH nop'!BD65, 0 ), 0 ) -> 0 | S65: =IFERROR( IF(AND(LEN(TRIM(B64))>0,LEN(TRIM(C64))>0), 'Bang TH nop'!BJ65, 0 ), 0 ) -> 0 | T65: =IFERROR( IF(AND(LEN(TRIM(B64))>0,LEN(TRIM(C64))>0), IFERROR('Bang TH nop'!AW65,0)+IFERROR('Bang TH nop'!BH65,0), 0 ), 0 ) -> 0 | X65: =+IF(G65-I65<0,0,G65-I65) -> 0 | Y65: =+IF(H65-J65<0,0, H65-J65) -> 0 | Z65: =IFERROR( IF(AND(LEN(TRIM(B64))>0,LEN(TRIM(C64))>0), (X65+Y65)*25%, 0 ), 0 ) -> 0 | AA65: =IFERROR( IF(AND(LEN(TRIM(B64))>0,LEN(TRIM(C64))>0), 'Bang TH nop'!BG65, 0 ), 0 ) -> 0 | AB65: =IFERROR( IF(AND(LEN(TRIM(B64))>0,LEN(TRIM(C64))>0), SUM(I65:W65)+IFERROR(Z65,0)+IFERROR(AA65,0), 0 ), 0 ) -> 0 | AC65: =IFERROR( IF(AND(LEN(TRIM(B64))>0,LEN(TRIM(C64))>0), IF((26-(IFERROR(I64,0)+IFERROR(K64,0)+IFERROR(L64,0)+IFERROR(M64,0)))>12,0,D65*10.5%), 0 ), 0 ) -> 0 | AD65: =IFERROR( IF(AND(LEN(TRIM(B64))>0,LEN(TRIM(C64))>0), ROUND(IF(D65=4939000,D65*0.5%,0),-2), 0 ), 0 ) -> 0 | AE65: =IFERROR( IF(AND(LEN(TRIM(B64))>0,LEN(TRIM(C64))>0), ROUND(IFERROR(AB65,0)-IFERROR(AC65,0)-IFERROR(AD65,0),-2), 0 ), 0 ) -> 0 | AF65: =IFERROR( IF(AND(LEN(TRIM(B64))>0,LEN(TRIM(C64))>0), IFERROR('Bang TH nop'!AQ65,0)+IFERROR('Bang TH nop'!AT65,0)+IFERROR('Bang TH nop'!BF65,0), 0 ), 0 ) -> 0 | AI65: =IFERROR( IF(AND(LEN(TRIM(B64))>0,LEN(TRIM(C64))>0), AH65/AG65, 0 ), 0 ) -> 0 | AJ65: =IFERROR( IF(AND(LEN(TRIM(B64))>0,LEN(TRIM(C64))>0), AL65/AF65, 0 ), 0 ) -> 0 | AK65: =IFERROR( IF(AND(LEN(TRIM(B64))>0,LEN(TRIM(C64))>0), AJ65/AI65, 0 ), 0 ) -> 0 | AL65: =IFERROR( IF(AND(LEN(TRIM(B64))>0,LEN(TRIM(C64))>0), AB65/L65, 0 ), 0 ) -> 0
A66: =A64+1 -> 30 | B66: ='Bang TH nop'!B67 -> 0 | C66: =IFERROR(IF(LEN(TRIM(B66))>0,'Bang TH nop'!C67,""),"") -> 0 | D66: =IFERROR(IF(AND(LEN(TRIM(B66))>0,LEN(TRIM(C66))>0),'Bang TH nop'!AO67,""),"") -> 0 | I66: =IFERROR(IF(AND(LEN(TRIM(B66))>0,LEN(TRIM(C66))>0),'Bang TH nop'!BB67,0),0) -> 0 | J66: =IFERROR(IF(AND(LEN(TRIM(B66))>0,LEN(TRIM(C66))>0),'Bang TH nop'!AV67,0),0) -> 0 | K66: =IFERROR(IF(AND(LEN(TRIM(B66))>0,LEN(TRIM(C66))>0),'Bang TH nop'!AR67,0),0) -> 0 | L66: =IFERROR(IF(AND(LEN(TRIM(B66))>0,LEN(TRIM(C66))>0),'Bang TH nop'!AS67,0),0) -> 0 | M66: =IFERROR(IF(AND(LEN(TRIM(B66))>0,LEN(TRIM(C66))>0),'Bang TH nop'!AT67,0),0) -> 0 | N66: =IFERROR(IF(AND(LEN(TRIM(B66))>0,LEN(TRIM(C66))>0),'Bang TH nop'!AU67,0),0) -> 0 | O66: =IFERROR(IF(AND(LEN(TRIM(B66))>0,LEN(TRIM(C66))>0),'Bang TH nop'!BE67,0),0) -> 0 | P66: =IFERROR(IF(AND(LEN(TRIM(B66))>0,LEN(TRIM(C66))>0),'Bang TH nop'!AZ67,0),0) -> 0 | AA66: =IFERROR( IF(AND(LEN(TRIM(B66))>0,LEN(TRIM(C66))>0), 'Bang TH nop'!AH67, 0 ), 0 ) -> A
D67: =IFERROR(IF(AND(LEN(TRIM(B66))>0,LEN(TRIM(C66))>0),'Bang TH nop'!AP67,""),"") -> 0 | F67: =IFERROR(IF(AND(LEN(TRIM(B66))>0,LEN(TRIM(C66))>0),'Bang TH nop'!AL67,0),0) -> 0 | G67: =D67*I66/26 -> 0 | H67: =D67*J66*150%/(26*8) -> 0 | K67: =IFERROR( IF(AND(LEN(TRIM(B66))>0,LEN(TRIM(C66))>0), ROUND(D67/26*K66,0), 0 ), 0 ) -> 0 | L67: =IFERROR( IF(AND(LEN(TRIM(B66))>0,LEN(TRIM(C66))>0), ROUND(D67/26*L66,0), 0 ), 0 ) -> 0 | M67: =IFERROR( IF(AND(LEN(TRIM(B66))>0,LEN(TRIM(C66))>0), ROUND(D67/26*M66,0), 0 ), 0 ) -> 0 | N67: =IFERROR( IF(AND(LEN(TRIM(B66))>0,LEN(TRIM(C66))>0), D67*N66/(26*8), 0 ), 0 ) -> 0 | O67: =IFERROR( IF(AND(LEN(TRIM(B66))>0,LEN(TRIM(C66))>0), D67*O66/(26*8), 0 ), 0 ) -> 0 | P67: =IFERROR( IF(AND(LEN(TRIM(B66))>0,LEN(TRIM(C66))>0), (D67/26/8*P66), 0 ), 0 ) -> 0 | Q67: =IFERROR( IF(AND(LEN(TRIM(B66))>0,LEN(TRIM(C66))>0), 'Bang TH nop'!BC67, 0 ), 0 ) -> 0 | R67: =IFERROR( IF(AND(LEN(TRIM(B66))>0,LEN(TRIM(C66))>0), 'Bang TH nop'!BD67, 0 ), 0 ) -> 0 | S67: =IFERROR( IF(AND(LEN(TRIM(B66))>0,LEN(TRIM(C66))>0), 'Bang TH nop'!BJ67, 0 ), 0 ) -> 0 | T67: =IFERROR( IF(AND(LEN(TRIM(B66))>0,LEN(TRIM(C66))>0), IFERROR('Bang TH nop'!AW67,0)+IFERROR('Bang TH nop'!BH67,0), 0 ), 0 ) -> 0 | X67: =+IF(G67-I67<0,0,G67-I67) -> 0 | Y67: =+IF(H67-J67<0,0, H67-J67) -> 0 | Z67: =IFERROR( IF(AND(LEN(TRIM(B66))>0,LEN(TRIM(C66))>0), (X67+Y67)*25%, 0 ), 0 ) -> 0 | AA67: =IFERROR( IF(AND(LEN(TRIM(B66))>0,LEN(TRIM(C66))>0), 'Bang TH nop'!BG67, 0 ), 0 ) -> 0 | AB67: =IFERROR( IF(AND(LEN(TRIM(B66))>0,LEN(TRIM(C66))>0), SUM(I67:W67)+IFERROR(Z67,0)+IFERROR(AA67,0), 0 ), 0 ) -> 0 | AC67: =IFERROR( IF(AND(LEN(TRIM(B66))>0,LEN(TRIM(C66))>0), IF((26-(IFERROR(I66,0)+IFERROR(K66,0)+IFERROR(L66,0)+IFERROR(M66,0)))>12,0,D67*10.5%), 0 ), 0 ) -> 0 | AD67: =IFERROR( IF(AND(LEN(TRIM(B66))>0,LEN(TRIM(C66))>0), ROUND(IF(D67=4939000,D67*0.5%,0),-2), 0 ), 0 ) -> 0 | AE67: =IFERROR( IF(AND(LEN(TRIM(B66))>0,LEN(TRIM(C66))>0), ROUND(IFERROR(AB67,0)-IFERROR(AC67,0)-IFERROR(AD67,0),-2), 0 ), 0 ) -> 0 | AF67: =IFERROR( IF(AND(LEN(TRIM(B66))>0,LEN(TRIM(C66))>0), IFERROR('Bang TH nop'!AQ67,0)+IFERROR('Bang TH nop'!AT67,0)+IFERROR('Bang TH nop'!BF67,0), 0 ), 0 ) -> 0 | AI67: =IFERROR( IF(AND(LEN(TRIM(B66))>0,LEN(TRIM(C66))>0), AH67/AG67, 0 ), 0 ) -> 0 | AJ67: =IFERROR( IF(AND(LEN(TRIM(B66))>0,LEN(TRIM(C66))>0), AL67/AF67, 0 ), 0 ) -> 0 | AK67: =IFERROR( IF(AND(LEN(TRIM(B66))>0,LEN(TRIM(C66))>0), AJ67/AI67, 0 ), 0 ) -> 0 | AL67: =IFERROR( IF(AND(LEN(TRIM(B66))>0,LEN(TRIM(C66))>0), AB67/L67, 0 ), 0 ) -> 0
A68: =A66+1 -> 31 | B68: ='Bang TH nop'!B69 -> 0 | C68: =IFERROR(IF(LEN(TRIM(B68))>0,'Bang TH nop'!C69,""),"") -> 0 | D68: =IFERROR(IF(AND(LEN(TRIM(B68))>0,LEN(TRIM(C68))>0),'Bang TH nop'!AO69,""),"") -> 0 | I68: =IFERROR(IF(AND(LEN(TRIM(B68))>0,LEN(TRIM(C68))>0),'Bang TH nop'!BB69,0),0) -> 0 | J68: =IFERROR(IF(AND(LEN(TRIM(B68))>0,LEN(TRIM(C68))>0),'Bang TH nop'!AV69,0),0) -> 0 | K68: =IFERROR(IF(AND(LEN(TRIM(B68))>0,LEN(TRIM(C68))>0),'Bang TH nop'!AR69,0),0) -> 0 | L68: =IFERROR(IF(AND(LEN(TRIM(B68))>0,LEN(TRIM(C68))>0),'Bang TH nop'!AS69,0),0) -> 0 | M68: =IFERROR(IF(AND(LEN(TRIM(B68))>0,LEN(TRIM(C68))>0),'Bang TH nop'!AT69,0),0) -> 0 | N68: =IFERROR(IF(AND(LEN(TRIM(B68))>0,LEN(TRIM(C68))>0),'Bang TH nop'!AU69,0),0) -> 0 | O68: =IFERROR(IF(AND(LEN(TRIM(B68))>0,LEN(TRIM(C68))>0),'Bang TH nop'!BE69,0),0) -> 0 | P68: =IFERROR(IF(AND(LEN(TRIM(B68))>0,LEN(TRIM(C68))>0),'Bang TH nop'!AZ69,0),0) -> 0 | AA68: =IFERROR( IF(AND(LEN(TRIM(B68))>0,LEN(TRIM(C68))>0), 'Bang TH nop'!AH69, 0 ), 0 ) -> A
D69: =IFERROR(IF(AND(LEN(TRIM(B68))>0,LEN(TRIM(C68))>0),'Bang TH nop'!AP69,""),"") -> 0 | F69: =IFERROR(IF(AND(LEN(TRIM(B68))>0,LEN(TRIM(C68))>0),'Bang TH nop'!AL69,0),0) -> 0 | G69: =D69*I68/26 -> 0 | H69: =D69*J68*150%/(26*8) -> 0 | K69: =IFERROR( IF(AND(LEN(TRIM(B68))>0,LEN(TRIM(C68))>0), ROUND(D69/26*K68,0), 0 ), 0 ) -> 0 | L69: =IFERROR( IF(AND(LEN(TRIM(B68))>0,LEN(TRIM(C68))>0), ROUND(D69/26*L68,0), 0 ), 0 ) -> 0 | M69: =IFERROR( IF(AND(LEN(TRIM(B68))>0,LEN(TRIM(C68))>0), ROUND(D69/26*M68,0), 0 ), 0 ) -> 0 | N69: =IFERROR( IF(AND(LEN(TRIM(B68))>0,LEN(TRIM(C68))>0), D69*N68/(26*8), 0 ), 0 ) -> 0 | O69: =IFERROR( IF(AND(LEN(TRIM(B68))>0,LEN(TRIM(C68))>0), D69*O68/(26*8), 0 ), 0 ) -> 0 | P69: =IFERROR( IF(AND(LEN(TRIM(B68))>0,LEN(TRIM(C68))>0), (D69/26/8*P68), 0 ), 0 ) -> 0 | Q69: =IFERROR( IF(AND(LEN(TRIM(B68))>0,LEN(TRIM(C68))>0), 'Bang TH nop'!BC69, 0 ), 0 ) -> 0 | R69: =IFERROR( IF(AND(LEN(TRIM(B68))>0,LEN(TRIM(C68))>0), 'Bang TH nop'!BD69, 0 ), 0 ) -> 0 | S69: =IFERROR( IF(AND(LEN(TRIM(B68))>0,LEN(TRIM(C68))>0), 'Bang TH nop'!BJ69, 0 ), 0 ) -> 0 | T69: =IFERROR( IF(AND(LEN(TRIM(B68))>0,LEN(TRIM(C68))>0), IFERROR('Bang TH nop'!AW69,0)+IFERROR('Bang TH nop'!BH69,0), 0 ), 0 ) -> 0 | X69: =+IF(G69-I69<0,0,G69-I69) -> 0 | Y69: =+IF(H69-J69<0,0, H69-J69) -> 0 | Z69: =IFERROR( IF(AND(LEN(TRIM(B68))>0,LEN(TRIM(C68))>0), (X69+Y69)*25%, 0 ), 0 ) -> 0 | AA69: =IFERROR( IF(AND(LEN(TRIM(B68))>0,LEN(TRIM(C68))>0), 'Bang TH nop'!BG69, 0 ), 0 ) -> 0 | AB69: =IFERROR( IF(AND(LEN(TRIM(B68))>0,LEN(TRIM(C68))>0), SUM(I69:W69)+IFERROR(Z69,0)+IFERROR(AA69,0), 0 ), 0 ) -> 0 | AC69: =IFERROR( IF(AND(LEN(TRIM(B68))>0,LEN(TRIM(C68))>0), IF((26-(IFERROR(I68,0)+IFERROR(K68,0)+IFERROR(L68,0)+IFERROR(M68,0)))>12,0,D69*10.5%), 0 ), 0 ) -> 0 | AD69: =IFERROR( IF(AND(LEN(TRIM(B68))>0,LEN(TRIM(C68))>0), ROUND(IF(D69=4939000,D69*0.5%,0),-2), 0 ), 0 ) -> 0 | AE69: =IFERROR( IF(AND(LEN(TRIM(B68))>0,LEN(TRIM(C68))>0), ROUND(IFERROR(AB69,0)-IFERROR(AC69,0)-IFERROR(AD69,0),-2), 0 ), 0 ) -> 0 | AF69: =IFERROR( IF(AND(LEN(TRIM(B68))>0,LEN(TRIM(C68))>0), IFERROR('Bang TH nop'!AQ69,0)+IFERROR('Bang TH nop'!AT69,0)+IFERROR('Bang TH nop'!BF69,0), 0 ), 0 ) -> 0 | AI69: =IFERROR( IF(AND(LEN(TRIM(B68))>0,LEN(TRIM(C68))>0), AH69/AG69, 0 ), 0 ) -> 0 | AJ69: =IFERROR( IF(AND(LEN(TRIM(B68))>0,LEN(TRIM(C68))>0), AL69/AF69, 0 ), 0 ) -> 0 | AK69: =IFERROR( IF(AND(LEN(TRIM(B68))>0,LEN(TRIM(C68))>0), AJ69/AI69, 0 ), 0 ) -> 0 | AL69: =IFERROR( IF(AND(LEN(TRIM(B68))>0,LEN(TRIM(C68))>0), AB69/L69, 0 ), 0 ) -> 0
A70: =A68+1 -> 32 | B70: ='Bang TH nop'!B71 -> 0 | C70: =IFERROR(IF(LEN(TRIM(B70))>0,'Bang TH nop'!C71,""),"") -> 0 | D70: =IFERROR(IF(AND(LEN(TRIM(B70))>0,LEN(TRIM(C70))>0),'Bang TH nop'!AO71,""),"") -> 0 | I70: =IFERROR(IF(AND(LEN(TRIM(B70))>0,LEN(TRIM(C70))>0),'Bang TH nop'!BB71,0),0) -> 0 | J70: =IFERROR(IF(AND(LEN(TRIM(B70))>0,LEN(TRIM(C70))>0),'Bang TH nop'!AV71,0),0) -> 0 | K70: =IFERROR(IF(AND(LEN(TRIM(B70))>0,LEN(TRIM(C70))>0),'Bang TH nop'!AR71,0),0) -> 0 | L70: =IFERROR(IF(AND(LEN(TRIM(B70))>0,LEN(TRIM(C70))>0),'Bang TH nop'!AS71,0),0) -> 0 | M70: =IFERROR(IF(AND(LEN(TRIM(B70))>0,LEN(TRIM(C70))>0),'Bang TH nop'!AT71,0),0) -> 0 | N70: =IFERROR(IF(AND(LEN(TRIM(B70))>0,LEN(TRIM(C70))>0),'Bang TH nop'!AU71,0),0) -> 0 | O70: =IFERROR(IF(AND(LEN(TRIM(B70))>0,LEN(TRIM(C70))>0),'Bang TH nop'!BE71,0),0) -> 0 | P70: =IFERROR(IF(AND(LEN(TRIM(B70))>0,LEN(TRIM(C70))>0),'Bang TH nop'!AZ71,0),0) -> 0 | AA70: =IFERROR( IF(AND(LEN(TRIM(B70))>0,LEN(TRIM(C70))>0), 'Bang TH nop'!AH71, 0 ), 0 ) -> A
D71: =IFERROR(IF(AND(LEN(TRIM(B70))>0,LEN(TRIM(C70))>0),'Bang TH nop'!AP71,""),"") -> 0 | F71: =IFERROR(IF(AND(LEN(TRIM(B70))>0,LEN(TRIM(C70))>0),'Bang TH nop'!AL71,0),0) -> 0 | G71: =D71*I70/26 -> 0 | H71: =D71*J70*150%/(26*8) -> 0 | K71: =IFERROR( IF(AND(LEN(TRIM(B70))>0,LEN(TRIM(C70))>0), ROUND(D71/26*K70,0), 0 ), 0 ) -> 0 | L71: =IFERROR( IF(AND(LEN(TRIM(B70))>0,LEN(TRIM(C70))>0), ROUND(D71/26*L70,0), 0 ), 0 ) -> 0 | M71: =IFERROR( IF(AND(LEN(TRIM(B70))>0,LEN(TRIM(C70))>0), ROUND(D71/26*M70,0), 0 ), 0 ) -> 0 | N71: =IFERROR( IF(AND(LEN(TRIM(B70))>0,LEN(TRIM(C70))>0), D71*N70/(26*8), 0 ), 0 ) -> 0 | O71: =IFERROR( IF(AND(LEN(TRIM(B70))>0,LEN(TRIM(C70))>0), D71*O70/(26*8), 0 ), 0 ) -> 0 | P71: =IFERROR( IF(AND(LEN(TRIM(B70))>0,LEN(TRIM(C70))>0), (D71/26/8*P70), 0 ), 0 ) -> 0 | Q71: =IFERROR( IF(AND(LEN(TRIM(B70))>0,LEN(TRIM(C70))>0), 'Bang TH nop'!BC71, 0 ), 0 ) -> 0 | R71: =IFERROR( IF(AND(LEN(TRIM(B70))>0,LEN(TRIM(C70))>0), 'Bang TH nop'!BD71, 0 ), 0 ) -> 0 | S71: =IFERROR( IF(AND(LEN(TRIM(B70))>0,LEN(TRIM(C70))>0), 'Bang TH nop'!BJ71, 0 ), 0 ) -> 0 | T71: =IFERROR( IF(AND(LEN(TRIM(B70))>0,LEN(TRIM(C70))>0), IFERROR('Bang TH nop'!AW71,0)+IFERROR('Bang TH nop'!BH71,0), 0 ), 0 ) -> 0 | X71: =+IF(G71-I71<0,0,G71-I71) -> 0 | Y71: =+IF(H71-J71<0,0, H71-J71) -> 0 | Z71: =IFERROR( IF(AND(LEN(TRIM(B70))>0,LEN(TRIM(C70))>0), (X71+Y71)*25%, 0 ), 0 ) -> 0 | AA71: =IFERROR( IF(AND(LEN(TRIM(B70))>0,LEN(TRIM(C70))>0), 'Bang TH nop'!BG71, 0 ), 0 ) -> 0 | AB71: =IFERROR( IF(AND(LEN(TRIM(B70))>0,LEN(TRIM(C70))>0), SUM(I71:W71)+IFERROR(Z71,0)+IFERROR(AA71,0), 0 ), 0 ) -> 0 | AC71: =IFERROR( IF(AND(LEN(TRIM(B70))>0,LEN(TRIM(C70))>0), IF((26-(IFERROR(I70,0)+IFERROR(K70,0)+IFERROR(L70,0)+IFERROR(M70,0)))>12,0,D71*10.5%), 0 ), 0 ) -> 0 | AD71: =IFERROR( IF(AND(LEN(TRIM(B70))>0,LEN(TRIM(C70))>0), ROUND(IF(D71=4939000,D71*0.5%,0),-2), 0 ), 0 ) -> 0 | AE71: =IFERROR( IF(AND(LEN(TRIM(B70))>0,LEN(TRIM(C70))>0), ROUND(IFERROR(AB71,0)-IFERROR(AC71,0)-IFERROR(AD71,0),-2), 0 ), 0 ) -> 0 | AF71: =IFERROR( IF(AND(LEN(TRIM(B70))>0,LEN(TRIM(C70))>0), IFERROR('Bang TH nop'!AQ71,0)+IFERROR('Bang TH nop'!AT71,0)+IFERROR('Bang TH nop'!BF71,0), 0 ), 0 ) -> 0 | AI71: =IFERROR( IF(AND(LEN(TRIM(B70))>0,LEN(TRIM(C70))>0), AH71/AG71, 0 ), 0 ) -> 0 | AJ71: =IFERROR( IF(AND(LEN(TRIM(B70))>0,LEN(TRIM(C70))>0), AL71/AF71, 0 ), 0 ) -> 0 | AK71: =IFERROR( IF(AND(LEN(TRIM(B70))>0,LEN(TRIM(C70))>0), AJ71/AI71, 0 ), 0 ) -> 0 | AL71: =IFERROR( IF(AND(LEN(TRIM(B70))>0,LEN(TRIM(C70))>0), AB71/L71, 0 ), 0 ) -> 0
A72: =A70+1 -> 33 | B72: ='Bang TH nop'!B73 -> 0 | C72: =IFERROR(IF(LEN(TRIM(B72))>0,'Bang TH nop'!C73,""),"") -> 0 | D72: =IFERROR(IF(AND(LEN(TRIM(B72))>0,LEN(TRIM(C72))>0),'Bang TH nop'!AO73,""),"") -> 0 | I72: =IFERROR(IF(AND(LEN(TRIM(B72))>0,LEN(TRIM(C72))>0),'Bang TH nop'!BB73,0),0) -> 0 | J72: =IFERROR(IF(AND(LEN(TRIM(B72))>0,LEN(TRIM(C72))>0),'Bang TH nop'!AV73,0),0) -> 0 | K72: =IFERROR(IF(AND(LEN(TRIM(B72))>0,LEN(TRIM(C72))>0),'Bang TH nop'!AR73,0),0) -> 0 | L72: =IFERROR(IF(AND(LEN(TRIM(B72))>0,LEN(TRIM(C72))>0),'Bang TH nop'!AS73,0),0) -> 0 | M72: =IFERROR(IF(AND(LEN(TRIM(B72))>0,LEN(TRIM(C72))>0),'Bang TH nop'!AT73,0),0) -> 0 | N72: =IFERROR(IF(AND(LEN(TRIM(B72))>0,LEN(TRIM(C72))>0),'Bang TH nop'!AU73,0),0) -> 0 | O72: =IFERROR(IF(AND(LEN(TRIM(B72))>0,LEN(TRIM(C72))>0),'Bang TH nop'!BE73,0),0) -> 0 | P72: =IFERROR(IF(AND(LEN(TRIM(B72))>0,LEN(TRIM(C72))>0),'Bang TH nop'!AZ73,0),0) -> 0 | AA72: =IFERROR( IF(AND(LEN(TRIM(B72))>0,LEN(TRIM(C72))>0), 'Bang TH nop'!AH73, 0 ), 0 ) -> A
D73: =IFERROR(IF(AND(LEN(TRIM(B72))>0,LEN(TRIM(C72))>0),'Bang TH nop'!AP73,""),"") -> 0 | F73: =IFERROR(IF(AND(LEN(TRIM(B72))>0,LEN(TRIM(C72))>0),'Bang TH nop'!AL73,0),0) -> 0 | G73: =D73*I72/26 -> 0 | H73: =D73*J72*150%/(26*8) -> 0 | K73: =IFERROR( IF(AND(LEN(TRIM(B72))>0,LEN(TRIM(C72))>0), ROUND(D73/26*K72,0), 0 ), 0 ) -> 0 | L73: =IFERROR( IF(AND(LEN(TRIM(B72))>0,LEN(TRIM(C72))>0), ROUND(D73/26*L72,0), 0 ), 0 ) -> 0 | M73: =IFERROR( IF(AND(LEN(TRIM(B72))>0,LEN(TRIM(C72))>0), ROUND(D73/26*M72,0), 0 ), 0 ) -> 0 | N73: =IFERROR( IF(AND(LEN(TRIM(B72))>0,LEN(TRIM(C72))>0), D73*N72/(26*8), 0 ), 0 ) -> 0 | O73: =IFERROR( IF(AND(LEN(TRIM(B72))>0,LEN(TRIM(C72))>0), D73*O72/(26*8), 0 ), 0 ) -> 0 | P73: =IFERROR( IF(AND(LEN(TRIM(B72))>0,LEN(TRIM(C72))>0), (D73/26/8*P72), 0 ), 0 ) -> 0 | Q73: =IFERROR( IF(AND(LEN(TRIM(B72))>0,LEN(TRIM(C72))>0), 'Bang TH nop'!BC73, 0 ), 0 ) -> 0 | R73: =IFERROR( IF(AND(LEN(TRIM(B72))>0,LEN(TRIM(C72))>0), 'Bang TH nop'!BD73, 0 ), 0 ) -> 0 | S73: =IFERROR( IF(AND(LEN(TRIM(B72))>0,LEN(TRIM(C72))>0), 'Bang TH nop'!BJ73, 0 ), 0 ) -> 0 | T73: =IFERROR( IF(AND(LEN(TRIM(B72))>0,LEN(TRIM(C72))>0), IFERROR('Bang TH nop'!AW73,0)+IFERROR('Bang TH nop'!BH73,0), 0 ), 0 ) -> 0 | X73: =+IF(G73-I73<0,0,G73-I73) -> 0 | Y73: =+IF(H73-J73<0,0, H73-J73) -> 0 | Z73: =IFERROR( IF(AND(LEN(TRIM(B72))>0,LEN(TRIM(C72))>0), (X73+Y73)*25%, 0 ), 0 ) -> 0 | AA73: =IFERROR( IF(AND(LEN(TRIM(B72))>0,LEN(TRIM(C72))>0), 'Bang TH nop'!BG73, 0 ), 0 ) -> 0 | AB73: =IFERROR( IF(AND(LEN(TRIM(B72))>0,LEN(TRIM(C72))>0), SUM(I73:W73)+IFERROR(Z73,0)+IFERROR(AA73,0), 0 ), 0 ) -> 0 | AC73: =IFERROR( IF(AND(LEN(TRIM(B72))>0,LEN(TRIM(C72))>0), IF((26-(IFERROR(I72,0)+IFERROR(K72,0)+IFERROR(L72,0)+IFERROR(M72,0)))>12,0,D73*10.5%), 0 ), 0 ) -> 0 | AD73: =IFERROR( IF(AND(LEN(TRIM(B72))>0,LEN(TRIM(C72))>0), ROUND(IF(D73=4939000,D73*0.5%,0),-2), 0 ), 0 ) -> 0 | AE73: =IFERROR( IF(AND(LEN(TRIM(B72))>0,LEN(TRIM(C72))>0), ROUND(IFERROR(AB73,0)-IFERROR(AC73,0)-IFERROR(AD73,0),-2), 0 ), 0 ) -> 0 | AF73: =IFERROR( IF(AND(LEN(TRIM(B72))>0,LEN(TRIM(C72))>0), IFERROR('Bang TH nop'!AQ73,0)+IFERROR('Bang TH nop'!AT73,0)+IFERROR('Bang TH nop'!BF73,0), 0 ), 0 ) -> 0 | AI73: =IFERROR( IF(AND(LEN(TRIM(B72))>0,LEN(TRIM(C72))>0), AH73/AG73, 0 ), 0 ) -> 0 | AJ73: =IFERROR( IF(AND(LEN(TRIM(B72))>0,LEN(TRIM(C72))>0), AL73/AF73, 0 ), 0 ) -> 0 | AK73: =IFERROR( IF(AND(LEN(TRIM(B72))>0,LEN(TRIM(C72))>0), AJ73/AI73, 0 ), 0 ) -> 0 | AL73: =IFERROR( IF(AND(LEN(TRIM(B72))>0,LEN(TRIM(C72))>0), AB73/L73, 0 ), 0 ) -> 0
A74: =A72+1 -> 34 | B74: ='Bang TH nop'!B75 -> 0 | C74: =IFERROR(IF(LEN(TRIM(B74))>0,'Bang TH nop'!C75,""),"") -> 0 | D74: =IFERROR(IF(AND(LEN(TRIM(B74))>0,LEN(TRIM(C74))>0),'Bang TH nop'!AO75,""),"") -> 0 | I74: =IFERROR(IF(AND(LEN(TRIM(B74))>0,LEN(TRIM(C74))>0),'Bang TH nop'!BB75,0),0) -> 0 | J74: =IFERROR(IF(AND(LEN(TRIM(B74))>0,LEN(TRIM(C74))>0),'Bang TH nop'!AV75,0),0) -> 0 | K74: =IFERROR(IF(AND(LEN(TRIM(B74))>0,LEN(TRIM(C74))>0),'Bang TH nop'!AR75,0),0) -> 0 | L74: =IFERROR(IF(AND(LEN(TRIM(B74))>0,LEN(TRIM(C74))>0),'Bang TH nop'!AS75,0),0) -> 0 | M74: =IFERROR(IF(AND(LEN(TRIM(B74))>0,LEN(TRIM(C74))>0),'Bang TH nop'!AT75,0),0) -> 0 | N74: =IFERROR(IF(AND(LEN(TRIM(B74))>0,LEN(TRIM(C74))>0),'Bang TH nop'!AU75,0),0) -> 0 | O74: =IFERROR(IF(AND(LEN(TRIM(B74))>0,LEN(TRIM(C74))>0),'Bang TH nop'!BE75,0),0) -> 0 | P74: =IFERROR(IF(AND(LEN(TRIM(B74))>0,LEN(TRIM(C74))>0),'Bang TH nop'!AZ75,0),0) -> 0 | AA74: =IFERROR( IF(AND(LEN(TRIM(B74))>0,LEN(TRIM(C74))>0), 'Bang TH nop'!AH75, 0 ), 0 ) -> A
D75: =IFERROR(IF(AND(LEN(TRIM(B74))>0,LEN(TRIM(C74))>0),'Bang TH nop'!AP75,""),"") -> 0 | F75: =IFERROR(IF(AND(LEN(TRIM(B74))>0,LEN(TRIM(C74))>0),'Bang TH nop'!AL75,0),0) -> 0 | G75: =D75*I74/26 -> 0 | H75: =D75*J74*150%/(26*8) -> 0 | K75: =IFERROR( IF(AND(LEN(TRIM(B74))>0,LEN(TRIM(C74))>0), ROUND(D75/26*K74,0), 0 ), 0 ) -> 0 | L75: =IFERROR( IF(AND(LEN(TRIM(B74))>0,LEN(TRIM(C74))>0), ROUND(D75/26*L74,0), 0 ), 0 ) -> 0 | M75: =IFERROR( IF(AND(LEN(TRIM(B74))>0,LEN(TRIM(C74))>0), ROUND(D75/26*M74,0), 0 ), 0 ) -> 0 | N75: =IFERROR( IF(AND(LEN(TRIM(B74))>0,LEN(TRIM(C74))>0), D75*N74/(26*8), 0 ), 0 ) -> 0 | O75: =IFERROR( IF(AND(LEN(TRIM(B74))>0,LEN(TRIM(C74))>0), D75*O74/(26*8), 0 ), 0 ) -> 0 | P75: =IFERROR( IF(AND(LEN(TRIM(B74))>0,LEN(TRIM(C74))>0), (D75/26/8*P74), 0 ), 0 ) -> 0 | Q75: =IFERROR( IF(AND(LEN(TRIM(B74))>0,LEN(TRIM(C74))>0), 'Bang TH nop'!BC75, 0 ), 0 ) -> 0 | R75: =IFERROR( IF(AND(LEN(TRIM(B74))>0,LEN(TRIM(C74))>0), 'Bang TH nop'!BD75, 0 ), 0 ) -> 0 | S75: =IFERROR( IF(AND(LEN(TRIM(B74))>0,LEN(TRIM(C74))>0), 'Bang TH nop'!BJ75, 0 ), 0 ) -> 0 | T75: =IFERROR( IF(AND(LEN(TRIM(B74))>0,LEN(TRIM(C74))>0), IFERROR('Bang TH nop'!AW75,0)+IFERROR('Bang TH nop'!BH75,0), 0 ), 0 ) -> 0 | X75: =+IF(G75-I75<0,0,G75-I75) -> 0 | Y75: =+IF(H75-J75<0,0, H75-J75) -> 0 | Z75: =IFERROR( IF(AND(LEN(TRIM(B74))>0,LEN(TRIM(C74))>0), (X75+Y75)*25%, 0 ), 0 ) -> 0 | AA75: =IFERROR( IF(AND(LEN(TRIM(B74))>0,LEN(TRIM(C74))>0), 'Bang TH nop'!BG75, 0 ), 0 ) -> 0 | AB75: =IFERROR( IF(AND(LEN(TRIM(B74))>0,LEN(TRIM(C74))>0), SUM(I75:W75)+IFERROR(Z75,0)+IFERROR(AA75,0), 0 ), 0 ) -> 0 | AC75: =IFERROR( IF(AND(LEN(TRIM(B74))>0,LEN(TRIM(C74))>0), IF((26-(IFERROR(I74,0)+IFERROR(K74,0)+IFERROR(L74,0)+IFERROR(M74,0)))>12,0,D75*10.5%), 0 ), 0 ) -> 0 | AD75: =IFERROR( IF(AND(LEN(TRIM(B74))>0,LEN(TRIM(C74))>0), ROUND(IF(D75=4939000,D75*0.5%,0),-2), 0 ), 0 ) -> 0 | AE75: =IFERROR( IF(AND(LEN(TRIM(B74))>0,LEN(TRIM(C74))>0), ROUND(IFERROR(AB75,0)-IFERROR(AC75,0)-IFERROR(AD75,0),-2), 0 ), 0 ) -> 0 | AF75: =IFERROR( IF(AND(LEN(TRIM(B74))>0,LEN(TRIM(C74))>0), IFERROR('Bang TH nop'!AQ75,0)+IFERROR('Bang TH nop'!AT75,0)+IFERROR('Bang TH nop'!BF75,0), 0 ), 0 ) -> 0 | AI75: =IFERROR( IF(AND(LEN(TRIM(B74))>0,LEN(TRIM(C74))>0), AH75/AG75, 0 ), 0 ) -> 0 | AJ75: =IFERROR( IF(AND(LEN(TRIM(B74))>0,LEN(TRIM(C74))>0), AL75/AF75, 0 ), 0 ) -> 0 | AK75: =IFERROR( IF(AND(LEN(TRIM(B74))>0,LEN(TRIM(C74))>0), AJ75/AI75, 0 ), 0 ) -> 0 | AL75: =IFERROR( IF(AND(LEN(TRIM(B74))>0,LEN(TRIM(C74))>0), AB75/L75, 0 ), 0 ) -> 0
A76: =A74+1 -> 35 | B76: ='Bang TH nop'!B77 -> 0 | C76: =IFERROR(IF(LEN(TRIM(B76))>0,'Bang TH nop'!C77,""),"") -> 0 | D76: =IFERROR(IF(AND(LEN(TRIM(B76))>0,LEN(TRIM(C76))>0),'Bang TH nop'!AO77,""),"") -> 0 | I76: =IFERROR(IF(AND(LEN(TRIM(B76))>0,LEN(TRIM(C76))>0),'Bang TH nop'!BB77,0),0) -> 0 | J76: =IFERROR(IF(AND(LEN(TRIM(B76))>0,LEN(TRIM(C76))>0),'Bang TH nop'!AV77,0),0) -> 0 | K76: =IFERROR(IF(AND(LEN(TRIM(B76))>0,LEN(TRIM(C76))>0),'Bang TH nop'!AR77,0),0) -> 0 | L76: =IFERROR(IF(AND(LEN(TRIM(B76))>0,LEN(TRIM(C76))>0),'Bang TH nop'!AS77,0),0) -> 0 | M76: =IFERROR(IF(AND(LEN(TRIM(B76))>0,LEN(TRIM(C76))>0),'Bang TH nop'!AT77,0),0) -> 0 | N76: =IFERROR(IF(AND(LEN(TRIM(B76))>0,LEN(TRIM(C76))>0),'Bang TH nop'!AU77,0),0) -> 0 | O76: =IFERROR(IF(AND(LEN(TRIM(B76))>0,LEN(TRIM(C76))>0),'Bang TH nop'!BE77,0),0) -> 0 | P76: =IFERROR(IF(AND(LEN(TRIM(B76))>0,LEN(TRIM(C76))>0),'Bang TH nop'!AZ77,0),0) -> 0 | AA76: =IFERROR( IF(AND(LEN(TRIM(B76))>0,LEN(TRIM(C76))>0), 'Bang TH nop'!AH77, 0 ), 0 ) -> A
D77: =IFERROR(IF(AND(LEN(TRIM(B76))>0,LEN(TRIM(C76))>0),'Bang TH nop'!AP77,""),"") -> 0 | F77: =IFERROR(IF(AND(LEN(TRIM(B76))>0,LEN(TRIM(C76))>0),'Bang TH nop'!AL77,0),0) -> 0 | G77: =D77*I76/26 -> 0 | H77: =D77*J76*150%/(26*8) -> 0 | K77: =IFERROR( IF(AND(LEN(TRIM(B76))>0,LEN(TRIM(C76))>0), ROUND(D77/26*K76,0), 0 ), 0 ) -> 0 | L77: =IFERROR( IF(AND(LEN(TRIM(B76))>0,LEN(TRIM(C76))>0), ROUND(D77/26*L76,0), 0 ), 0 ) -> 0 | M77: =IFERROR( IF(AND(LEN(TRIM(B76))>0,LEN(TRIM(C76))>0), ROUND(D77/26*M76,0), 0 ), 0 ) -> 0 | N77: =IFERROR( IF(AND(LEN(TRIM(B76))>0,LEN(TRIM(C76))>0), D77*N76/(26*8), 0 ), 0 ) -> 0 | O77: =IFERROR( IF(AND(LEN(TRIM(B76))>0,LEN(TRIM(C76))>0), D77*O76/(26*8), 0 ), 0 ) -> 0 | P77: =IFERROR( IF(AND(LEN(TRIM(B76))>0,LEN(TRIM(C76))>0), (D77/26/8*P76), 0 ), 0 ) -> 0 | Q77: =IFERROR( IF(AND(LEN(TRIM(B76))>0,LEN(TRIM(C76))>0), 'Bang TH nop'!BC77, 0 ), 0 ) -> 0 | R77: =IFERROR( IF(AND(LEN(TRIM(B76))>0,LEN(TRIM(C76))>0), 'Bang TH nop'!BD77, 0 ), 0 ) -> 0 | S77: =IFERROR( IF(AND(LEN(TRIM(B76))>0,LEN(TRIM(C76))>0), 'Bang TH nop'!BJ77, 0 ), 0 ) -> 0 | T77: =IFERROR( IF(AND(LEN(TRIM(B76))>0,LEN(TRIM(C76))>0), IFERROR('Bang TH nop'!AW77,0)+IFERROR('Bang TH nop'!BH77,0), 0 ), 0 ) -> 0 | X77: =+IF(G77-I77<0,0,G77-I77) -> 0 | Y77: =+IF(H77-J77<0,0, H77-J77) -> 0 | Z77: =IFERROR( IF(AND(LEN(TRIM(B76))>0,LEN(TRIM(C76))>0), (X77+Y77)*25%, 0 ), 0 ) -> 0 | AA77: =IFERROR( IF(AND(LEN(TRIM(B76))>0,LEN(TRIM(C76))>0), 'Bang TH nop'!BG77, 0 ), 0 ) -> 0 | AB77: =IFERROR( IF(AND(LEN(TRIM(B76))>0,LEN(TRIM(C76))>0), SUM(I77:W77)+IFERROR(Z77,0)+IFERROR(AA77,0), 0 ), 0 ) -> 0 | AC77: =IFERROR( IF(AND(LEN(TRIM(B76))>0,LEN(TRIM(C76))>0), IF((26-(IFERROR(I76,0)+IFERROR(K76,0)+IFERROR(L76,0)+IFERROR(M76,0)))>12,0,D77*10.5%), 0 ), 0 ) -> 0 | AD77: =IFERROR( IF(AND(LEN(TRIM(B76))>0,LEN(TRIM(C76))>0), ROUND(IF(D77=4939000,D77*0.5%,0),-2), 0 ), 0 ) -> 0 | AE77: =IFERROR( IF(AND(LEN(TRIM(B76))>0,LEN(TRIM(C76))>0), ROUND(IFERROR(AB77,0)-IFERROR(AC77,0)-IFERROR(AD77,0),-2), 0 ), 0 ) -> 0 | AF77: =IFERROR( IF(AND(LEN(TRIM(B76))>0,LEN(TRIM(C76))>0), IFERROR('Bang TH nop'!AQ77,0)+IFERROR('Bang TH nop'!AT77,0)+IFERROR('Bang TH nop'!BF77,0), 0 ), 0 ) -> 0 | AI77: =IFERROR( IF(AND(LEN(TRIM(B76))>0,LEN(TRIM(C76))>0), AH77/AG77, 0 ), 0 ) -> 0 | AJ77: =IFERROR( IF(AND(LEN(TRIM(B76))>0,LEN(TRIM(C76))>0), AL77/AF77, 0 ), 0 ) -> 0 | AK77: =IFERROR( IF(AND(LEN(TRIM(B76))>0,LEN(TRIM(C76))>0), AJ77/AI77, 0 ), 0 ) -> 0 | AL77: =IFERROR( IF(AND(LEN(TRIM(B76))>0,LEN(TRIM(C76))>0), AB77/L77, 0 ), 0 ) -> 0
A78: =A76+1 -> 36 | B78: ='Bang TH nop'!B79 -> 0 | C78: =IFERROR(IF(LEN(TRIM(B78))>0,'Bang TH nop'!C79,""),"") -> 0 | D78: =IFERROR(IF(AND(LEN(TRIM(B78))>0,LEN(TRIM(C78))>0),'Bang TH nop'!AO79,""),"") -> 0 | I78: =IFERROR(IF(AND(LEN(TRIM(B78))>0,LEN(TRIM(C78))>0),'Bang TH nop'!BB79,0),0) -> 0 | J78: =IFERROR(IF(AND(LEN(TRIM(B78))>0,LEN(TRIM(C78))>0),'Bang TH nop'!AV79,0),0) -> 0 | K78: =IFERROR(IF(AND(LEN(TRIM(B78))>0,LEN(TRIM(C78))>0),'Bang TH nop'!AR79,0),0) -> 0 | L78: =IFERROR(IF(AND(LEN(TRIM(B78))>0,LEN(TRIM(C78))>0),'Bang TH nop'!AS79,0),0) -> 0 | M78: =IFERROR(IF(AND(LEN(TRIM(B78))>0,LEN(TRIM(C78))>0),'Bang TH nop'!AT79,0),0) -> 0 | N78: =IFERROR(IF(AND(LEN(TRIM(B78))>0,LEN(TRIM(C78))>0),'Bang TH nop'!AU79,0),0) -> 0 | O78: =IFERROR(IF(AND(LEN(TRIM(B78))>0,LEN(TRIM(C78))>0),'Bang TH nop'!BE79,0),0) -> 0 | P78: =IFERROR(IF(AND(LEN(TRIM(B78))>0,LEN(TRIM(C78))>0),'Bang TH nop'!AZ79,0),0) -> 0 | AA78: =IFERROR( IF(AND(LEN(TRIM(B78))>0,LEN(TRIM(C78))>0), 'Bang TH nop'!AH79, 0 ), 0 ) -> A
D79: =IFERROR(IF(AND(LEN(TRIM(B78))>0,LEN(TRIM(C78))>0),'Bang TH nop'!AP79,""),"") -> 0 | F79: =IFERROR(IF(AND(LEN(TRIM(B78))>0,LEN(TRIM(C78))>0),'Bang TH nop'!AL79,0),0) -> 0 | G79: =D79*I78/26 -> 0 | H79: =D79*J78*150%/(26*8) -> 0 | K79: =IFERROR( IF(AND(LEN(TRIM(B78))>0,LEN(TRIM(C78))>0), ROUND(D79/26*K78,0), 0 ), 0 ) -> 0 | L79: =IFERROR( IF(AND(LEN(TRIM(B78))>0,LEN(TRIM(C78))>0), ROUND(D79/26*L78,0), 0 ), 0 ) -> 0 | M79: =IFERROR( IF(AND(LEN(TRIM(B78))>0,LEN(TRIM(C78))>0), ROUND(D79/26*M78,0), 0 ), 0 ) -> 0 | N79: =IFERROR( IF(AND(LEN(TRIM(B78))>0,LEN(TRIM(C78))>0), D79*N78/(26*8), 0 ), 0 ) -> 0 | O79: =IFERROR( IF(AND(LEN(TRIM(B78))>0,LEN(TRIM(C78))>0), D79*O78/(26*8), 0 ), 0 ) -> 0 | P79: =IFERROR( IF(AND(LEN(TRIM(B78))>0,LEN(TRIM(C78))>0), (D79/26/8*P78), 0 ), 0 ) -> 0 | Q79: =IFERROR( IF(AND(LEN(TRIM(B78))>0,LEN(TRIM(C78))>0), 'Bang TH nop'!BC79, 0 ), 0 ) -> 0 | R79: =IFERROR( IF(AND(LEN(TRIM(B78))>0,LEN(TRIM(C78))>0), 'Bang TH nop'!BD79, 0 ), 0 ) -> 0 | S79: =IFERROR( IF(AND(LEN(TRIM(B78))>0,LEN(TRIM(C78))>0), 'Bang TH nop'!BJ79, 0 ), 0 ) -> 0 | T79: =IFERROR( IF(AND(LEN(TRIM(B78))>0,LEN(TRIM(C78))>0), IFERROR('Bang TH nop'!AW79,0)+IFERROR('Bang TH nop'!BH79,0), 0 ), 0 ) -> 0 | X79: =+IF(G79-I79<0,0,G79-I79) -> 0 | Y79: =+IF(H79-J79<0,0, H79-J79) -> 0 | Z79: =IFERROR( IF(AND(LEN(TRIM(B78))>0,LEN(TRIM(C78))>0), (X79+Y79)*25%, 0 ), 0 ) -> 0 | AA79: =IFERROR( IF(AND(LEN(TRIM(B78))>0,LEN(TRIM(C78))>0), 'Bang TH nop'!BG79, 0 ), 0 ) -> 0 | AB79: =IFERROR( IF(AND(LEN(TRIM(B78))>0,LEN(TRIM(C78))>0), SUM(I79:W79)+IFERROR(Z79,0)+IFERROR(AA79,0), 0 ), 0 ) -> 0 | AC79: =IFERROR( IF(AND(LEN(TRIM(B78))>0,LEN(TRIM(C78))>0), IF((26-(IFERROR(I78,0)+IFERROR(K78,0)+IFERROR(L78,0)+IFERROR(M78,0)))>12,0,D79*10.5%), 0 ), 0 ) -> 0 | AD79: =IFERROR( IF(AND(LEN(TRIM(B78))>0,LEN(TRIM(C78))>0), ROUND(IF(D79=4939000,D79*0.5%,0),-2), 0 ), 0 ) -> 0 | AE79: =IFERROR( IF(AND(LEN(TRIM(B78))>0,LEN(TRIM(C78))>0), ROUND(IFERROR(AB79,0)-IFERROR(AC79,0)-IFERROR(AD79,0),-2), 0 ), 0 ) -> 0 | AF79: =IFERROR( IF(AND(LEN(TRIM(B78))>0,LEN(TRIM(C78))>0), IFERROR('Bang TH nop'!AQ79,0)+IFERROR('Bang TH nop'!AT79,0)+IFERROR('Bang TH nop'!BF79,0), 0 ), 0 ) -> 0 | AI79: =IFERROR( IF(AND(LEN(TRIM(B78))>0,LEN(TRIM(C78))>0), AH79/AG79, 0 ), 0 ) -> 0 | AJ79: =IFERROR( IF(AND(LEN(TRIM(B78))>0,LEN(TRIM(C78))>0), AL79/AF79, 0 ), 0 ) -> 0 | AK79: =IFERROR( IF(AND(LEN(TRIM(B78))>0,LEN(TRIM(C78))>0), AJ79/AI79, 0 ), 0 ) -> 0 | AL79: =IFERROR( IF(AND(LEN(TRIM(B78))>0,LEN(TRIM(C78))>0), AB79/L79, 0 ), 0 ) -> 0
A80: =A78+1 -> 37 | B80: ='Bang TH nop'!B81 -> 0 | C80: =IFERROR(IF(LEN(TRIM(B80))>0,'Bang TH nop'!C81,""),"") -> 0 | D80: =IFERROR(IF(AND(LEN(TRIM(B80))>0,LEN(TRIM(C80))>0),'Bang TH nop'!AO81,""),"") -> 0 | I80: =IFERROR(IF(AND(LEN(TRIM(B80))>0,LEN(TRIM(C80))>0),'Bang TH nop'!BB81,0),0) -> 0 | J80: =IFERROR(IF(AND(LEN(TRIM(B80))>0,LEN(TRIM(C80))>0),'Bang TH nop'!AV81,0),0) -> 0 | K80: =IFERROR(IF(AND(LEN(TRIM(B80))>0,LEN(TRIM(C80))>0),'Bang TH nop'!AR81,0),0) -> 0 | L80: =IFERROR(IF(AND(LEN(TRIM(B80))>0,LEN(TRIM(C80))>0),'Bang TH nop'!AS81,0),0) -> 0 | M80: =IFERROR(IF(AND(LEN(TRIM(B80))>0,LEN(TRIM(C80))>0),'Bang TH nop'!AT81,0),0) -> 0 | N80: =IFERROR(IF(AND(LEN(TRIM(B80))>0,LEN(TRIM(C80))>0),'Bang TH nop'!AU81,0),0) -> 0 | O80: =IFERROR(IF(AND(LEN(TRIM(B80))>0,LEN(TRIM(C80))>0),'Bang TH nop'!BE81,0),0) -> 0 | P80: =IFERROR(IF(AND(LEN(TRIM(B80))>0,LEN(TRIM(C80))>0),'Bang TH nop'!AZ81,0),0) -> 0 | AA80: =IFERROR( IF(AND(LEN(TRIM(B80))>0,LEN(TRIM(C80))>0), 'Bang TH nop'!AH81, 0 ), 0 ) -> A
D81: =IFERROR(IF(AND(LEN(TRIM(B80))>0,LEN(TRIM(C80))>0),'Bang TH nop'!AP81,""),"") -> 0 | F81: =IFERROR(IF(AND(LEN(TRIM(B80))>0,LEN(TRIM(C80))>0),'Bang TH nop'!AL81,0),0) -> 0 | G81: =D81*I80/26 -> 0 | H81: =D81*J80*150%/(26*8) -> 0 | K81: =IFERROR( IF(AND(LEN(TRIM(B80))>0,LEN(TRIM(C80))>0), ROUND(D81/26*K80,0), 0 ), 0 ) -> 0 | L81: =IFERROR( IF(AND(LEN(TRIM(B80))>0,LEN(TRIM(C80))>0), ROUND(D81/26*L80,0), 0 ), 0 ) -> 0 | M81: =IFERROR( IF(AND(LEN(TRIM(B80))>0,LEN(TRIM(C80))>0), ROUND(D81/26*M80,0), 0 ), 0 ) -> 0 | N81: =IFERROR( IF(AND(LEN(TRIM(B80))>0,LEN(TRIM(C80))>0), D81*N80/(26*8), 0 ), 0 ) -> 0 | O81: =IFERROR( IF(AND(LEN(TRIM(B80))>0,LEN(TRIM(C80))>0), D81*O80/(26*8), 0 ), 0 ) -> 0 | P81: =IFERROR( IF(AND(LEN(TRIM(B80))>0,LEN(TRIM(C80))>0), (D81/26/8*P80), 0 ), 0 ) -> 0 | Q81: =IFERROR( IF(AND(LEN(TRIM(B80))>0,LEN(TRIM(C80))>0), 'Bang TH nop'!BC81, 0 ), 0 ) -> 0 | R81: =IFERROR( IF(AND(LEN(TRIM(B80))>0,LEN(TRIM(C80))>0), 'Bang TH nop'!BD81, 0 ), 0 ) -> 0 | S81: =IFERROR( IF(AND(LEN(TRIM(B80))>0,LEN(TRIM(C80))>0), 'Bang TH nop'!BJ81, 0 ), 0 ) -> 0 | T81: =IFERROR( IF(AND(LEN(TRIM(B80))>0,LEN(TRIM(C80))>0), IFERROR('Bang TH nop'!AW81,0)+IFERROR('Bang TH nop'!BH81,0), 0 ), 0 ) -> 0 | X81: =+IF(G81-I81<0,0,G81-I81) -> 0 | Y81: =+IF(H81-J81<0,0, H81-J81) -> 0 | Z81: =IFERROR( IF(AND(LEN(TRIM(B80))>0,LEN(TRIM(C80))>0), (X81+Y81)*25%, 0 ), 0 ) -> 0 | AA81: =IFERROR( IF(AND(LEN(TRIM(B80))>0,LEN(TRIM(C80))>0), 'Bang TH nop'!BG81, 0 ), 0 ) -> 0 | AB81: =IFERROR( IF(AND(LEN(TRIM(B80))>0,LEN(TRIM(C80))>0), SUM(I81:W81)+IFERROR(Z81,0)+IFERROR(AA81,0), 0 ), 0 ) -> 0 | AC81: =IFERROR( IF(AND(LEN(TRIM(B80))>0,LEN(TRIM(C80))>0), IF((26-(IFERROR(I80,0)+IFERROR(K80,0)+IFERROR(L80,0)+IFERROR(M80,0)))>12,0,D81*10.5%), 0 ), 0 ) -> 0 | AD81: =IFERROR( IF(AND(LEN(TRIM(B80))>0,LEN(TRIM(C80))>0), ROUND(IF(D81=4939000,D81*0.5%,0),-2), 0 ), 0 ) -> 0 | AE81: =IFERROR( IF(AND(LEN(TRIM(B80))>0,LEN(TRIM(C80))>0), ROUND(IFERROR(AB81,0)-IFERROR(AC81,0)-IFERROR(AD81,0),-2), 0 ), 0 ) -> 0 | AF81: =IFERROR( IF(AND(LEN(TRIM(B80))>0,LEN(TRIM(C80))>0), IFERROR('Bang TH nop'!AQ81,0)+IFERROR('Bang TH nop'!AT81,0)+IFERROR('Bang TH nop'!BF81,0), 0 ), 0 ) -> 0 | AI81: =IFERROR( IF(AND(LEN(TRIM(B80))>0,LEN(TRIM(C80))>0), AH81/AG81, 0 ), 0 ) -> 0 | AJ81: =IFERROR( IF(AND(LEN(TRIM(B80))>0,LEN(TRIM(C80))>0), AL81/AF81, 0 ), 0 ) -> 0 | AK81: =IFERROR( IF(AND(LEN(TRIM(B80))>0,LEN(TRIM(C80))>0), AJ81/AI81, 0 ), 0 ) -> 0 | AL81: =IFERROR( IF(AND(LEN(TRIM(B80))>0,LEN(TRIM(C80))>0), AB81/L81, 0 ), 0 ) -> 0
A82: =A80+1 -> 38 | B82: ='Bang TH nop'!B83 -> 0 | C82: =IFERROR(IF(LEN(TRIM(B82))>0,'Bang TH nop'!C83,""),"") -> 0 | D82: =IFERROR(IF(AND(LEN(TRIM(B82))>0,LEN(TRIM(C82))>0),'Bang TH nop'!AO83,""),"") -> 0 | I82: =IFERROR(IF(AND(LEN(TRIM(B82))>0,LEN(TRIM(C82))>0),'Bang TH nop'!BB83,0),0) -> 0 | J82: =IFERROR(IF(AND(LEN(TRIM(B82))>0,LEN(TRIM(C82))>0),'Bang TH nop'!AV83,0),0) -> 0 | K82: =IFERROR(IF(AND(LEN(TRIM(B82))>0,LEN(TRIM(C82))>0),'Bang TH nop'!AR83,0),0) -> 0 | L82: =IFERROR(IF(AND(LEN(TRIM(B82))>0,LEN(TRIM(C82))>0),'Bang TH nop'!AS83,0),0) -> 0 | M82: =IFERROR(IF(AND(LEN(TRIM(B82))>0,LEN(TRIM(C82))>0),'Bang TH nop'!AT83,0),0) -> 0 | N82: =IFERROR(IF(AND(LEN(TRIM(B82))>0,LEN(TRIM(C82))>0),'Bang TH nop'!AU83,0),0) -> 0 | O82: =IFERROR(IF(AND(LEN(TRIM(B82))>0,LEN(TRIM(C82))>0),'Bang TH nop'!BE83,0),0) -> 0 | P82: =IFERROR(IF(AND(LEN(TRIM(B82))>0,LEN(TRIM(C82))>0),'Bang TH nop'!AZ83,0),0) -> 0 | AA82: =IFERROR( IF(AND(LEN(TRIM(B82))>0,LEN(TRIM(C82))>0), 'Bang TH nop'!AH83, 0 ), 0 ) -> A
D83: =IFERROR(IF(AND(LEN(TRIM(B82))>0,LEN(TRIM(C82))>0),'Bang TH nop'!AP83,""),"") -> 0 | F83: =IFERROR(IF(AND(LEN(TRIM(B82))>0,LEN(TRIM(C82))>0),'Bang TH nop'!AL83,0),0) -> 0 | G83: =D83*I82/26 -> 0 | H83: =D83*J82*150%/(26*8) -> 0 | K83: =IFERROR( IF(AND(LEN(TRIM(B82))>0,LEN(TRIM(C82))>0), ROUND(D83/26*K82,0), 0 ), 0 ) -> 0 | L83: =IFERROR( IF(AND(LEN(TRIM(B82))>0,LEN(TRIM(C82))>0), ROUND(D83/26*L82,0), 0 ), 0 ) -> 0 | M83: =IFERROR( IF(AND(LEN(TRIM(B82))>0,LEN(TRIM(C82))>0), ROUND(D83/26*M82,0), 0 ), 0 ) -> 0 | N83: =IFERROR( IF(AND(LEN(TRIM(B82))>0,LEN(TRIM(C82))>0), D83*N82/(26*8), 0 ), 0 ) -> 0 | O83: =IFERROR( IF(AND(LEN(TRIM(B82))>0,LEN(TRIM(C82))>0), D83*O82/(26*8), 0 ), 0 ) -> 0 | P83: =IFERROR( IF(AND(LEN(TRIM(B82))>0,LEN(TRIM(C82))>0), (D83/26/8*P82), 0 ), 0 ) -> 0 | Q83: =IFERROR( IF(AND(LEN(TRIM(B82))>0,LEN(TRIM(C82))>0), 'Bang TH nop'!BC83, 0 ), 0 ) -> 0 | R83: =IFERROR( IF(AND(LEN(TRIM(B82))>0,LEN(TRIM(C82))>0), 'Bang TH nop'!BD83, 0 ), 0 ) -> 0 | S83: =IFERROR( IF(AND(LEN(TRIM(B82))>0,LEN(TRIM(C82))>0), 'Bang TH nop'!BJ83, 0 ), 0 ) -> 0 | T83: =IFERROR( IF(AND(LEN(TRIM(B82))>0,LEN(TRIM(C82))>0), IFERROR('Bang TH nop'!AW83,0)+IFERROR('Bang TH nop'!BH83,0), 0 ), 0 ) -> 0 | X83: =+IF(G83-I83<0,0,G83-I83) -> 0 | Y83: =+IF(H83-J83<0,0, H83-J83) -> 0 | Z83: =IFERROR( IF(AND(LEN(TRIM(B82))>0,LEN(TRIM(C82))>0), (X83+Y83)*25%, 0 ), 0 ) -> 0 | AA83: =IFERROR( IF(AND(LEN(TRIM(B82))>0,LEN(TRIM(C82))>0), 'Bang TH nop'!BG83, 0 ), 0 ) -> 0 | AB83: =IFERROR( IF(AND(LEN(TRIM(B82))>0,LEN(TRIM(C82))>0), SUM(I83:W83)+IFERROR(Z83,0)+IFERROR(AA83,0), 0 ), 0 ) -> 0 | AC83: =IFERROR( IF(AND(LEN(TRIM(B82))>0,LEN(TRIM(C82))>0), IF((26-(IFERROR(I82,0)+IFERROR(K82,0)+IFERROR(L82,0)+IFERROR(M82,0)))>12,0,D83*10.5%), 0 ), 0 ) -> 0 | AD83: =IFERROR( IF(AND(LEN(TRIM(B82))>0,LEN(TRIM(C82))>0), ROUND(IF(D83=4939000,D83*0.5%,0),-2), 0 ), 0 ) -> 0 | AE83: =IFERROR( IF(AND(LEN(TRIM(B82))>0,LEN(TRIM(C82))>0), ROUND(IFERROR(AB83,0)-IFERROR(AC83,0)-IFERROR(AD83,0),-2), 0 ), 0 ) -> 0 | AF83: =IFERROR( IF(AND(LEN(TRIM(B82))>0,LEN(TRIM(C82))>0), IFERROR('Bang TH nop'!AQ83,0)+IFERROR('Bang TH nop'!AT83,0)+IFERROR('Bang TH nop'!BF83,0), 0 ), 0 ) -> 0 | AI83: =IFERROR( IF(AND(LEN(TRIM(B82))>0,LEN(TRIM(C82))>0), AH83/AG83, 0 ), 0 ) -> 0 | AJ83: =IFERROR( IF(AND(LEN(TRIM(B82))>0,LEN(TRIM(C82))>0), AL83/AF83, 0 ), 0 ) -> 0 | AK83: =IFERROR( IF(AND(LEN(TRIM(B82))>0,LEN(TRIM(C82))>0), AJ83/AI83, 0 ), 0 ) -> 0 | AL83: =IFERROR( IF(AND(LEN(TRIM(B82))>0,LEN(TRIM(C82))>0), AB83/L83, 0 ), 0 ) -> 0
A84: =A82+1 -> 39 | B84: ='Bang TH nop'!B85 -> 0 | C84: =IFERROR(IF(LEN(TRIM(B84))>0,'Bang TH nop'!C85,""),"") -> 0 | D84: =IFERROR(IF(AND(LEN(TRIM(B84))>0,LEN(TRIM(C84))>0),'Bang TH nop'!AO85,""),"") -> 0 | I84: =IFERROR(IF(AND(LEN(TRIM(B84))>0,LEN(TRIM(C84))>0),'Bang TH nop'!BB85,0),0) -> 0 | J84: =IFERROR(IF(AND(LEN(TRIM(B84))>0,LEN(TRIM(C84))>0),'Bang TH nop'!AV85,0),0) -> 0 | K84: =IFERROR(IF(AND(LEN(TRIM(B84))>0,LEN(TRIM(C84))>0),'Bang TH nop'!AR85,0),0) -> 0 | L84: =IFERROR(IF(AND(LEN(TRIM(B84))>0,LEN(TRIM(C84))>0),'Bang TH nop'!AS85,0),0) -> 0 | M84: =IFERROR(IF(AND(LEN(TRIM(B84))>0,LEN(TRIM(C84))>0),'Bang TH nop'!AT85,0),0) -> 0 | N84: =IFERROR(IF(AND(LEN(TRIM(B84))>0,LEN(TRIM(C84))>0),'Bang TH nop'!AU85,0),0) -> 0 | O84: =IFERROR(IF(AND(LEN(TRIM(B84))>0,LEN(TRIM(C84))>0),'Bang TH nop'!BE85,0),0) -> 0 | P84: =IFERROR(IF(AND(LEN(TRIM(B84))>0,LEN(TRIM(C84))>0),'Bang TH nop'!AZ85,0),0) -> 0 | AA84: =IFERROR( IF(AND(LEN(TRIM(B84))>0,LEN(TRIM(C84))>0), 'Bang TH nop'!AH85, 0 ), 0 ) -> A
D85: =IFERROR(IF(AND(LEN(TRIM(B84))>0,LEN(TRIM(C84))>0),'Bang TH nop'!AP85,""),"") -> 0 | F85: =IFERROR(IF(AND(LEN(TRIM(B84))>0,LEN(TRIM(C84))>0),'Bang TH nop'!AL85,0),0) -> 0 | G85: =D85*I84/26 -> 0 | H85: =D85*J84*150%/(26*8) -> 0 | K85: =IFERROR( IF(AND(LEN(TRIM(B84))>0,LEN(TRIM(C84))>0), ROUND(D85/26*K84,0), 0 ), 0 ) -> 0 | L85: =IFERROR( IF(AND(LEN(TRIM(B84))>0,LEN(TRIM(C84))>0), ROUND(D85/26*L84,0), 0 ), 0 ) -> 0 | M85: =IFERROR( IF(AND(LEN(TRIM(B84))>0,LEN(TRIM(C84))>0), ROUND(D85/26*M84,0), 0 ), 0 ) -> 0 | N85: =IFERROR( IF(AND(LEN(TRIM(B84))>0,LEN(TRIM(C84))>0), D85*N84/(26*8), 0 ), 0 ) -> 0 | O85: =IFERROR( IF(AND(LEN(TRIM(B84))>0,LEN(TRIM(C84))>0), D85*O84/(26*8), 0 ), 0 ) -> 0 | P85: =IFERROR( IF(AND(LEN(TRIM(B84))>0,LEN(TRIM(C84))>0), (D85/26/8*P84), 0 ), 0 ) -> 0 | Q85: =IFERROR( IF(AND(LEN(TRIM(B84))>0,LEN(TRIM(C84))>0), 'Bang TH nop'!BC85, 0 ), 0 ) -> 0 | R85: =IFERROR( IF(AND(LEN(TRIM(B84))>0,LEN(TRIM(C84))>0), 'Bang TH nop'!BD85, 0 ), 0 ) -> 0 | S85: =IFERROR( IF(AND(LEN(TRIM(B84))>0,LEN(TRIM(C84))>0), 'Bang TH nop'!BJ85, 0 ), 0 ) -> 0 | T85: =IFERROR( IF(AND(LEN(TRIM(B84))>0,LEN(TRIM(C84))>0), IFERROR('Bang TH nop'!AW85,0)+IFERROR('Bang TH nop'!BH85,0), 0 ), 0 ) -> 0 | X85: =+IF(G85-I85<0,0,G85-I85) -> 0 | Y85: =+IF(H85-J85<0,0, H85-J85) -> 0 | Z85: =IFERROR( IF(AND(LEN(TRIM(B84))>0,LEN(TRIM(C84))>0), (X85+Y85)*25%, 0 ), 0 ) -> 0 | AA85: =IFERROR( IF(AND(LEN(TRIM(B84))>0,LEN(TRIM(C84))>0), 'Bang TH nop'!BG85, 0 ), 0 ) -> 0 | AB85: =IFERROR( IF(AND(LEN(TRIM(B84))>0,LEN(TRIM(C84))>0), SUM(I85:W85)+IFERROR(Z85,0)+IFERROR(AA85,0), 0 ), 0 ) -> 0 | AC85: =IFERROR( IF(AND(LEN(TRIM(B84))>0,LEN(TRIM(C84))>0), IF((26-(IFERROR(I84,0)+IFERROR(K84,0)+IFERROR(L84,0)+IFERROR(M84,0)))>12,0,D85*10.5%), 0 ), 0 ) -> 0 | AD85: =IFERROR( IF(AND(LEN(TRIM(B84))>0,LEN(TRIM(C84))>0), ROUND(IF(D85=4939000,D85*0.5%,0),-2), 0 ), 0 ) -> 0 | AE85: =IFERROR( IF(AND(LEN(TRIM(B84))>0,LEN(TRIM(C84))>0), ROUND(IFERROR(AB85,0)-IFERROR(AC85,0)-IFERROR(AD85,0),-2), 0 ), 0 ) -> 0 | AF85: =IFERROR( IF(AND(LEN(TRIM(B84))>0,LEN(TRIM(C84))>0), IFERROR('Bang TH nop'!AQ85,0)+IFERROR('Bang TH nop'!AT85,0)+IFERROR('Bang TH nop'!BF85,0), 0 ), 0 ) -> 0 | AI85: =IFERROR( IF(AND(LEN(TRIM(B84))>0,LEN(TRIM(C84))>0), AH85/AG85, 0 ), 0 ) -> 0 | AJ85: =IFERROR( IF(AND(LEN(TRIM(B84))>0,LEN(TRIM(C84))>0), AL85/AF85, 0 ), 0 ) -> 0 | AK85: =IFERROR( IF(AND(LEN(TRIM(B84))>0,LEN(TRIM(C84))>0), AJ85/AI85, 0 ), 0 ) -> 0 | AL85: =IFERROR( IF(AND(LEN(TRIM(B84))>0,LEN(TRIM(C84))>0), AB85/L85, 0 ), 0 ) -> 0
A86: =A84+1 -> 40 | B86: ='Bang TH nop'!B87 -> 0 | C86: =IFERROR(IF(LEN(TRIM(B86))>0,'Bang TH nop'!C87,""),"") -> 0 | D86: =IFERROR(IF(AND(LEN(TRIM(B86))>0,LEN(TRIM(C86))>0),'Bang TH nop'!AO87,""),"") -> 0 | I86: =IFERROR(IF(AND(LEN(TRIM(B86))>0,LEN(TRIM(C86))>0),'Bang TH nop'!BB87,0),0) -> 0 | J86: =IFERROR(IF(AND(LEN(TRIM(B86))>0,LEN(TRIM(C86))>0),'Bang TH nop'!AV87,0),0) -> 0 | K86: =IFERROR(IF(AND(LEN(TRIM(B86))>0,LEN(TRIM(C86))>0),'Bang TH nop'!AR87,0),0) -> 0 | L86: =IFERROR(IF(AND(LEN(TRIM(B86))>0,LEN(TRIM(C86))>0),'Bang TH nop'!AS87,0),0) -> 0 | M86: =IFERROR(IF(AND(LEN(TRIM(B86))>0,LEN(TRIM(C86))>0),'Bang TH nop'!AT87,0),0) -> 0 | N86: =IFERROR(IF(AND(LEN(TRIM(B86))>0,LEN(TRIM(C86))>0),'Bang TH nop'!AU87,0),0) -> 0 | O86: =IFERROR(IF(AND(LEN(TRIM(B86))>0,LEN(TRIM(C86))>0),'Bang TH nop'!BE87,0),0) -> 0 | P86: =IFERROR(IF(AND(LEN(TRIM(B86))>0,LEN(TRIM(C86))>0),'Bang TH nop'!AZ87,0),0) -> 0 | AA86: =IFERROR( IF(AND(LEN(TRIM(B86))>0,LEN(TRIM(C86))>0), 'Bang TH nop'!AH87, 0 ), 0 ) -> A
D87: =IFERROR(IF(AND(LEN(TRIM(B86))>0,LEN(TRIM(C86))>0),'Bang TH nop'!AP87,""),"") -> 0 | F87: =IFERROR(IF(AND(LEN(TRIM(B86))>0,LEN(TRIM(C86))>0),'Bang TH nop'!AL87,0),0) -> 0 | G87: =D87*I86/26 -> 0 | H87: =D87*J86*150%/(26*8) -> 0 | K87: =IFERROR( IF(AND(LEN(TRIM(B86))>0,LEN(TRIM(C86))>0), ROUND(D87/26*K86,0), 0 ), 0 ) -> 0 | L87: =IFERROR( IF(AND(LEN(TRIM(B86))>0,LEN(TRIM(C86))>0), ROUND(D87/26*L86,0), 0 ), 0 ) -> 0 | M87: =IFERROR( IF(AND(LEN(TRIM(B86))>0,LEN(TRIM(C86))>0), ROUND(D87/26*M86,0), 0 ), 0 ) -> 0 | N87: =IFERROR( IF(AND(LEN(TRIM(B86))>0,LEN(TRIM(C86))>0), D87*N86/(26*8), 0 ), 0 ) -> 0 | O87: =IFERROR( IF(AND(LEN(TRIM(B86))>0,LEN(TRIM(C86))>0), D87*O86/(26*8), 0 ), 0 ) -> 0 | P87: =IFERROR( IF(AND(LEN(TRIM(B86))>0,LEN(TRIM(C86))>0), (D87/26/8*P86), 0 ), 0 ) -> 0 | Q87: =IFERROR( IF(AND(LEN(TRIM(B86))>0,LEN(TRIM(C86))>0), 'Bang TH nop'!BC87, 0 ), 0 ) -> 0 | R87: =IFERROR( IF(AND(LEN(TRIM(B86))>0,LEN(TRIM(C86))>0), 'Bang TH nop'!BD87, 0 ), 0 ) -> 0 | S87: =IFERROR( IF(AND(LEN(TRIM(B86))>0,LEN(TRIM(C86))>0), 'Bang TH nop'!BJ87, 0 ), 0 ) -> 0 | T87: =IFERROR( IF(AND(LEN(TRIM(B86))>0,LEN(TRIM(C86))>0), IFERROR('Bang TH nop'!AW87,0)+IFERROR('Bang TH nop'!BH87,0), 0 ), 0 ) -> 0 | X87: =+IF(G87-I87<0,0,G87-I87) -> 0 | Y87: =+IF(H87-J87<0,0, H87-J87) -> 0 | Z87: =IFERROR( IF(AND(LEN(TRIM(B86))>0,LEN(TRIM(C86))>0), (X87+Y87)*25%, 0 ), 0 ) -> 0 | AA87: =IFERROR( IF(AND(LEN(TRIM(B86))>0,LEN(TRIM(C86))>0), 'Bang TH nop'!BG87, 0 ), 0 ) -> 0 | AB87: =IFERROR( IF(AND(LEN(TRIM(B86))>0,LEN(TRIM(C86))>0), SUM(I87:W87)+IFERROR(Z87,0)+IFERROR(AA87,0), 0 ), 0 ) -> 0 | AC87: =IFERROR( IF(AND(LEN(TRIM(B86))>0,LEN(TRIM(C86))>0), IF((26-(IFERROR(I86,0)+IFERROR(K86,0)+IFERROR(L86,0)+IFERROR(M86,0)))>12,0,D87*10.5%), 0 ), 0 ) -> 0 | AD87: =IFERROR( IF(AND(LEN(TRIM(B86))>0,LEN(TRIM(C86))>0), ROUND(IF(D87=4939000,D87*0.5%,0),-2), 0 ), 0 ) -> 0 | AE87: =IFERROR( IF(AND(LEN(TRIM(B86))>0,LEN(TRIM(C86))>0), ROUND(IFERROR(AB87,0)-IFERROR(AC87,0)-IFERROR(AD87,0),-2), 0 ), 0 ) -> 0 | AF87: =IFERROR( IF(AND(LEN(TRIM(B86))>0,LEN(TRIM(C86))>0), IFERROR('Bang TH nop'!AQ87,0)+IFERROR('Bang TH nop'!AT87,0)+IFERROR('Bang TH nop'!BF87,0), 0 ), 0 ) -> 0 | AI87: =IFERROR( IF(AND(LEN(TRIM(B86))>0,LEN(TRIM(C86))>0), AH87/AG87, 0 ), 0 ) -> 0 | AJ87: =IFERROR( IF(AND(LEN(TRIM(B86))>0,LEN(TRIM(C86))>0), AL87/AF87, 0 ), 0 ) -> 0 | AK87: =IFERROR( IF(AND(LEN(TRIM(B86))>0,LEN(TRIM(C86))>0), AJ87/AI87, 0 ), 0 ) -> 0 | AL87: =IFERROR( IF(AND(LEN(TRIM(B86))>0,LEN(TRIM(C86))>0), AB87/L87, 0 ), 0 ) -> 0
A88: =A86+1 -> 41 | B88: ='Bang TH nop'!B89 -> 0 | C88: =IFERROR(IF(LEN(TRIM(B88))>0,'Bang TH nop'!C89,""),"") -> 0 | D88: =IFERROR(IF(AND(LEN(TRIM(B88))>0,LEN(TRIM(C88))>0),'Bang TH nop'!AO89,""),"") -> 0 | I88: =IFERROR(IF(AND(LEN(TRIM(B88))>0,LEN(TRIM(C88))>0),'Bang TH nop'!BB89,0),0) -> 0 | J88: =IFERROR(IF(AND(LEN(TRIM(B88))>0,LEN(TRIM(C88))>0),'Bang TH nop'!AV89,0),0) -> 0 | K88: =IFERROR(IF(AND(LEN(TRIM(B88))>0,LEN(TRIM(C88))>0),'Bang TH nop'!AR89,0),0) -> 0 | L88: =IFERROR(IF(AND(LEN(TRIM(B88))>0,LEN(TRIM(C88))>0),'Bang TH nop'!AS89,0),0) -> 0 | M88: =IFERROR(IF(AND(LEN(TRIM(B88))>0,LEN(TRIM(C88))>0),'Bang TH nop'!AT89,0),0) -> 0 | N88: =IFERROR(IF(AND(LEN(TRIM(B88))>0,LEN(TRIM(C88))>0),'Bang TH nop'!AU89,0),0) -> 0 | O88: =IFERROR(IF(AND(LEN(TRIM(B88))>0,LEN(TRIM(C88))>0),'Bang TH nop'!BE89,0),0) -> 0 | P88: =IFERROR(IF(AND(LEN(TRIM(B88))>0,LEN(TRIM(C88))>0),'Bang TH nop'!AZ89,0),0) -> 0 | AA88: =IFERROR( IF(AND(LEN(TRIM(B88))>0,LEN(TRIM(C88))>0), 'Bang TH nop'!AH89, 0 ), 0 ) -> A
D89: =IFERROR(IF(AND(LEN(TRIM(B88))>0,LEN(TRIM(C88))>0),'Bang TH nop'!AP89,""),"") -> 0 | F89: =IFERROR(IF(AND(LEN(TRIM(B88))>0,LEN(TRIM(C88))>0),'Bang TH nop'!AL89,0),0) -> 0 | G89: =D89*I88/26 -> 0 | H89: =D89*J88*150%/(26*8) -> 0 | K89: =IFERROR( IF(AND(LEN(TRIM(B88))>0,LEN(TRIM(C88))>0), ROUND(D89/26*K88,0), 0 ), 0 ) -> 0 | L89: =IFERROR( IF(AND(LEN(TRIM(B88))>0,LEN(TRIM(C88))>0), ROUND(D89/26*L88,0), 0 ), 0 ) -> 0 | M89: =IFERROR( IF(AND(LEN(TRIM(B88))>0,LEN(TRIM(C88))>0), ROUND(D89/26*M88,0), 0 ), 0 ) -> 0 | N89: =IFERROR( IF(AND(LEN(TRIM(B88))>0,LEN(TRIM(C88))>0), D89*N88/(26*8), 0 ), 0 ) -> 0 | O89: =IFERROR( IF(AND(LEN(TRIM(B88))>0,LEN(TRIM(C88))>0), D89*O88/(26*8), 0 ), 0 ) -> 0 | P89: =IFERROR( IF(AND(LEN(TRIM(B88))>0,LEN(TRIM(C88))>0), (D89/26/8*P88), 0 ), 0 ) -> 0 | Q89: =IFERROR( IF(AND(LEN(TRIM(B88))>0,LEN(TRIM(C88))>0), 'Bang TH nop'!BC89, 0 ), 0 ) -> 0 | R89: =IFERROR( IF(AND(LEN(TRIM(B88))>0,LEN(TRIM(C88))>0), 'Bang TH nop'!BD89, 0 ), 0 ) -> 0 | S89: =IFERROR( IF(AND(LEN(TRIM(B88))>0,LEN(TRIM(C88))>0), 'Bang TH nop'!BJ89, 0 ), 0 ) -> 0 | T89: =IFERROR( IF(AND(LEN(TRIM(B88))>0,LEN(TRIM(C88))>0), IFERROR('Bang TH nop'!AW89,0)+IFERROR('Bang TH nop'!BH89,0), 0 ), 0 ) -> 0 | X89: =+IF(G89-I89<0,0,G89-I89) -> 0 | Y89: =+IF(H89-J89<0,0, H89-J89) -> 0 | Z89: =IFERROR( IF(AND(LEN(TRIM(B88))>0,LEN(TRIM(C88))>0), (X89+Y89)*25%, 0 ), 0 ) -> 0 | AA89: =IFERROR( IF(AND(LEN(TRIM(B88))>0,LEN(TRIM(C88))>0), 'Bang TH nop'!BG89, 0 ), 0 ) -> 0 | AB89: =IFERROR( IF(AND(LEN(TRIM(B88))>0,LEN(TRIM(C88))>0), SUM(I89:W89)+IFERROR(Z89,0)+IFERROR(AA89,0), 0 ), 0 ) -> 0 | AC89: =IFERROR( IF(AND(LEN(TRIM(B88))>0,LEN(TRIM(C88))>0), IF((26-(IFERROR(I88,0)+IFERROR(K88,0)+IFERROR(L88,0)+IFERROR(M88,0)))>12,0,D89*10.5%), 0 ), 0 ) -> 0 | AD89: =IFERROR( IF(AND(LEN(TRIM(B88))>0,LEN(TRIM(C88))>0), ROUND(IF(D89=4939000,D89*0.5%,0),-2), 0 ), 0 ) -> 0 | AE89: =IFERROR( IF(AND(LEN(TRIM(B88))>0,LEN(TRIM(C88))>0), ROUND(IFERROR(AB89,0)-IFERROR(AC89,0)-IFERROR(AD89,0),-2), 0 ), 0 ) -> 0 | AF89: =IFERROR( IF(AND(LEN(TRIM(B88))>0,LEN(TRIM(C88))>0), IFERROR('Bang TH nop'!AQ89,0)+IFERROR('Bang TH nop'!AT89,0)+IFERROR('Bang TH nop'!BF89,0), 0 ), 0 ) -> 0 | AI89: =IFERROR( IF(AND(LEN(TRIM(B88))>0,LEN(TRIM(C88))>0), AH89/AG89, 0 ), 0 ) -> 0 | AJ89: =IFERROR( IF(AND(LEN(TRIM(B88))>0,LEN(TRIM(C88))>0), AL89/AF89, 0 ), 0 ) -> 0 | AK89: =IFERROR( IF(AND(LEN(TRIM(B88))>0,LEN(TRIM(C88))>0), AJ89/AI89, 0 ), 0 ) -> 0 | AL89: =IFERROR( IF(AND(LEN(TRIM(B88))>0,LEN(TRIM(C88))>0), AB89/L89, 0 ), 0 ) -> 0
A90: =A88+1 -> 42 | B90: ='Bang TH nop'!B91 -> 0 | C90: =IFERROR(IF(LEN(TRIM(B90))>0,'Bang TH nop'!C91,""),"") -> 0 | D90: =IFERROR(IF(AND(LEN(TRIM(B90))>0,LEN(TRIM(C90))>0),'Bang TH nop'!AO91,""),"") -> 0 | I90: =IFERROR(IF(AND(LEN(TRIM(B90))>0,LEN(TRIM(C90))>0),'Bang TH nop'!BB91,0),0) -> 0 | J90: =IFERROR(IF(AND(LEN(TRIM(B90))>0,LEN(TRIM(C90))>0),'Bang TH nop'!AV91,0),0) -> 0 | K90: =IFERROR(IF(AND(LEN(TRIM(B90))>0,LEN(TRIM(C90))>0),'Bang TH nop'!AR91,0),0) -> 0 | L90: =IFERROR(IF(AND(LEN(TRIM(B90))>0,LEN(TRIM(C90))>0),'Bang TH nop'!AS91,0),0) -> 0 | M90: =IFERROR(IF(AND(LEN(TRIM(B90))>0,LEN(TRIM(C90))>0),'Bang TH nop'!AT91,0),0) -> 0 | N90: =IFERROR(IF(AND(LEN(TRIM(B90))>0,LEN(TRIM(C90))>0),'Bang TH nop'!AU91,0),0) -> 0 | O90: =IFERROR(IF(AND(LEN(TRIM(B90))>0,LEN(TRIM(C90))>0),'Bang TH nop'!BE91,0),0) -> 0 | P90: =IFERROR(IF(AND(LEN(TRIM(B90))>0,LEN(TRIM(C90))>0),'Bang TH nop'!AZ91,0),0) -> 0 | AA90: =IFERROR( IF(AND(LEN(TRIM(B90))>0,LEN(TRIM(C90))>0), 'Bang TH nop'!AH91, 0 ), 0 ) -> A
D91: =IFERROR(IF(AND(LEN(TRIM(B90))>0,LEN(TRIM(C90))>0),'Bang TH nop'!AP91,""),"") -> 0 | F91: =IFERROR(IF(AND(LEN(TRIM(B90))>0,LEN(TRIM(C90))>0),'Bang TH nop'!AL91,0),0) -> 0 | G91: =D91*I90/26 -> 0 | H91: =D91*J90*150%/(26*8) -> 0 | K91: =IFERROR( IF(AND(LEN(TRIM(B90))>0,LEN(TRIM(C90))>0), ROUND(D91/26*K90,0), 0 ), 0 ) -> 0 | L91: =IFERROR( IF(AND(LEN(TRIM(B90))>0,LEN(TRIM(C90))>0), ROUND(D91/26*L90,0), 0 ), 0 ) -> 0 | M91: =IFERROR( IF(AND(LEN(TRIM(B90))>0,LEN(TRIM(C90))>0), ROUND(D91/26*M90,0), 0 ), 0 ) -> 0 | N91: =IFERROR( IF(AND(LEN(TRIM(B90))>0,LEN(TRIM(C90))>0), D91*N90/(26*8), 0 ), 0 ) -> 0 | O91: =IFERROR( IF(AND(LEN(TRIM(B90))>0,LEN(TRIM(C90))>0), D91*O90/(26*8), 0 ), 0 ) -> 0 | P91: =IFERROR( IF(AND(LEN(TRIM(B90))>0,LEN(TRIM(C90))>0), (D91/26/8*P90), 0 ), 0 ) -> 0 | Q91: =IFERROR( IF(AND(LEN(TRIM(B90))>0,LEN(TRIM(C90))>0), 'Bang TH nop'!BC91, 0 ), 0 ) -> 0 | R91: =IFERROR( IF(AND(LEN(TRIM(B90))>0,LEN(TRIM(C90))>0), 'Bang TH nop'!BD91, 0 ), 0 ) -> 0 | S91: =IFERROR( IF(AND(LEN(TRIM(B90))>0,LEN(TRIM(C90))>0), 'Bang TH nop'!BJ91, 0 ), 0 ) -> 0 | T91: =IFERROR( IF(AND(LEN(TRIM(B90))>0,LEN(TRIM(C90))>0), IFERROR('Bang TH nop'!AW91,0)+IFERROR('Bang TH nop'!BH91,0), 0 ), 0 ) -> 0 | X91: =+IF(G91-I91<0,0,G91-I91) -> 0 | Y91: =+IF(H91-J91<0,0, H91-J91) -> 0 | Z91: =IFERROR( IF(AND(LEN(TRIM(B90))>0,LEN(TRIM(C90))>0), (X91+Y91)*25%, 0 ), 0 ) -> 0 | AA91: =IFERROR( IF(AND(LEN(TRIM(B90))>0,LEN(TRIM(C90))>0), 'Bang TH nop'!BG91, 0 ), 0 ) -> 0 | AB91: =IFERROR( IF(AND(LEN(TRIM(B90))>0,LEN(TRIM(C90))>0), SUM(I91:W91)+IFERROR(Z91,0)+IFERROR(AA91,0), 0 ), 0 ) -> 0 | AC91: =IFERROR( IF(AND(LEN(TRIM(B90))>0,LEN(TRIM(C90))>0), IF((26-(IFERROR(I90,0)+IFERROR(K90,0)+IFERROR(L90,0)+IFERROR(M90,0)))>12,0,D91*10.5%), 0 ), 0 ) -> 0 | AD91: =IFERROR( IF(AND(LEN(TRIM(B90))>0,LEN(TRIM(C90))>0), ROUND(IF(D91=4939000,D91*0.5%,0),-2), 0 ), 0 ) -> 0 | AE91: =IFERROR( IF(AND(LEN(TRIM(B90))>0,LEN(TRIM(C90))>0), ROUND(IFERROR(AB91,0)-IFERROR(AC91,0)-IFERROR(AD91,0),-2), 0 ), 0 ) -> 0 | AF91: =IFERROR( IF(AND(LEN(TRIM(B90))>0,LEN(TRIM(C90))>0), IFERROR('Bang TH nop'!AQ91,0)+IFERROR('Bang TH nop'!AT91,0)+IFERROR('Bang TH nop'!BF91,0), 0 ), 0 ) -> 0 | AI91: =IFERROR( IF(AND(LEN(TRIM(B90))>0,LEN(TRIM(C90))>0), AH91/AG91, 0 ), 0 ) -> 0 | AJ91: =IFERROR( IF(AND(LEN(TRIM(B90))>0,LEN(TRIM(C90))>0), AL91/AF91, 0 ), 0 ) -> 0 | AK91: =IFERROR( IF(AND(LEN(TRIM(B90))>0,LEN(TRIM(C90))>0), AJ91/AI91, 0 ), 0 ) -> 0 | AL91: =IFERROR( IF(AND(LEN(TRIM(B90))>0,LEN(TRIM(C90))>0), AB91/L91, 0 ), 0 ) -> 0
A92: =A90+1 -> 43 | B92: ='Bang TH nop'!B93 -> 0 | C92: =IFERROR(IF(LEN(TRIM(B92))>0,'Bang TH nop'!C93,""),"") -> 0 | D92: =IFERROR(IF(AND(LEN(TRIM(B92))>0,LEN(TRIM(C92))>0),'Bang TH nop'!AO93,""),"") -> 0 | I92: =IFERROR(IF(AND(LEN(TRIM(B92))>0,LEN(TRIM(C92))>0),'Bang TH nop'!BB93,0),0) -> 0 | J92: =IFERROR(IF(AND(LEN(TRIM(B92))>0,LEN(TRIM(C92))>0),'Bang TH nop'!AV93,0),0) -> 0 | K92: =IFERROR(IF(AND(LEN(TRIM(B92))>0,LEN(TRIM(C92))>0),'Bang TH nop'!AR93,0),0) -> 0 | L92: =IFERROR(IF(AND(LEN(TRIM(B92))>0,LEN(TRIM(C92))>0),'Bang TH nop'!AS93,0),0) -> 0 | M92: =IFERROR(IF(AND(LEN(TRIM(B92))>0,LEN(TRIM(C92))>0),'Bang TH nop'!AT93,0),0) -> 0 | N92: =IFERROR(IF(AND(LEN(TRIM(B92))>0,LEN(TRIM(C92))>0),'Bang TH nop'!AU93,0),0) -> 0 | O92: =IFERROR(IF(AND(LEN(TRIM(B92))>0,LEN(TRIM(C92))>0),'Bang TH nop'!BE93,0),0) -> 0 | P92: =IFERROR(IF(AND(LEN(TRIM(B92))>0,LEN(TRIM(C92))>0),'Bang TH nop'!AZ93,0),0) -> 0 | AA92: =IFERROR( IF(AND(LEN(TRIM(B92))>0,LEN(TRIM(C92))>0), 'Bang TH nop'!AH93, 0 ), 0 ) -> A
D93: =IFERROR(IF(AND(LEN(TRIM(B92))>0,LEN(TRIM(C92))>0),'Bang TH nop'!AP93,""),"") -> 0 | F93: =IFERROR(IF(AND(LEN(TRIM(B92))>0,LEN(TRIM(C92))>0),'Bang TH nop'!AL93,0),0) -> 0 | G93: =D93*I92/26 -> 0 | H93: =D93*J92*150%/(26*8) -> 0 | K93: =IFERROR( IF(AND(LEN(TRIM(B92))>0,LEN(TRIM(C92))>0), ROUND(D93/26*K92,0), 0 ), 0 ) -> 0 | L93: =IFERROR( IF(AND(LEN(TRIM(B92))>0,LEN(TRIM(C92))>0), ROUND(D93/26*L92,0), 0 ), 0 ) -> 0 | M93: =IFERROR( IF(AND(LEN(TRIM(B92))>0,LEN(TRIM(C92))>0), ROUND(D93/26*M92,0), 0 ), 0 ) -> 0 | N93: =IFERROR( IF(AND(LEN(TRIM(B92))>0,LEN(TRIM(C92))>0), D93*N92/(26*8), 0 ), 0 ) -> 0 | O93: =IFERROR( IF(AND(LEN(TRIM(B92))>0,LEN(TRIM(C92))>0), D93*O92/(26*8), 0 ), 0 ) -> 0 | P93: =IFERROR( IF(AND(LEN(TRIM(B92))>0,LEN(TRIM(C92))>0), (D93/26/8*P92), 0 ), 0 ) -> 0 | Q93: =IFERROR( IF(AND(LEN(TRIM(B92))>0,LEN(TRIM(C92))>0), 'Bang TH nop'!BC93, 0 ), 0 ) -> 0 | R93: =IFERROR( IF(AND(LEN(TRIM(B92))>0,LEN(TRIM(C92))>0), 'Bang TH nop'!BD93, 0 ), 0 ) -> 0 | S93: =IFERROR( IF(AND(LEN(TRIM(B92))>0,LEN(TRIM(C92))>0), 'Bang TH nop'!BJ93, 0 ), 0 ) -> 0 | T93: =IFERROR( IF(AND(LEN(TRIM(B92))>0,LEN(TRIM(C92))>0), IFERROR('Bang TH nop'!AW93,0)+IFERROR('Bang TH nop'!BH93,0), 0 ), 0 ) -> 0 | X93: =+IF(G93-I93<0,0,G93-I93) -> 0 | Y93: =+IF(H93-J93<0,0, H93-J93) -> 0 | Z93: =IFERROR( IF(AND(LEN(TRIM(B92))>0,LEN(TRIM(C92))>0), (X93+Y93)*25%, 0 ), 0 ) -> 0 | AA93: =IFERROR( IF(AND(LEN(TRIM(B92))>0,LEN(TRIM(C92))>0), 'Bang TH nop'!BG93, 0 ), 0 ) -> 0 | AB93: =IFERROR( IF(AND(LEN(TRIM(B92))>0,LEN(TRIM(C92))>0), SUM(I93:W93)+IFERROR(Z93,0)+IFERROR(AA93,0), 0 ), 0 ) -> 0 | AC93: =IFERROR( IF(AND(LEN(TRIM(B92))>0,LEN(TRIM(C92))>0), IF((26-(IFERROR(I92,0)+IFERROR(K92,0)+IFERROR(L92,0)+IFERROR(M92,0)))>12,0,D93*10.5%), 0 ), 0 ) -> 0 | AD93: =IFERROR( IF(AND(LEN(TRIM(B92))>0,LEN(TRIM(C92))>0), ROUND(IF(D93=4939000,D93*0.5%,0),-2), 0 ), 0 ) -> 0 | AE93: =IFERROR( IF(AND(LEN(TRIM(B92))>0,LEN(TRIM(C92))>0), ROUND(IFERROR(AB93,0)-IFERROR(AC93,0)-IFERROR(AD93,0),-2), 0 ), 0 ) -> 0 | AF93: =IFERROR( IF(AND(LEN(TRIM(B92))>0,LEN(TRIM(C92))>0), IFERROR('Bang TH nop'!AQ93,0)+IFERROR('Bang TH nop'!AT93,0)+IFERROR('Bang TH nop'!BF93,0), 0 ), 0 ) -> 0 | AI93: =IFERROR( IF(AND(LEN(TRIM(B92))>0,LEN(TRIM(C92))>0), AH93/AG93, 0 ), 0 ) -> 0 | AJ93: =IFERROR( IF(AND(LEN(TRIM(B92))>0,LEN(TRIM(C92))>0), AL93/AF93, 0 ), 0 ) -> 0 | AK93: =IFERROR( IF(AND(LEN(TRIM(B92))>0,LEN(TRIM(C92))>0), AJ93/AI93, 0 ), 0 ) -> 0 | AL93: =IFERROR( IF(AND(LEN(TRIM(B92))>0,LEN(TRIM(C92))>0), AB93/L93, 0 ), 0 ) -> 0
A94: =A92+1 -> 44 | B94: ='Bang TH nop'!B95 -> 0 | C94: =IFERROR(IF(LEN(TRIM(B94))>0,'Bang TH nop'!C95,""),"") -> 0 | D94: =IFERROR(IF(AND(LEN(TRIM(B94))>0,LEN(TRIM(C94))>0),'Bang TH nop'!AO95,""),"") -> 0 | I94: =IFERROR(IF(AND(LEN(TRIM(B94))>0,LEN(TRIM(C94))>0),'Bang TH nop'!BB95,0),0) -> 0 | J94: =IFERROR(IF(AND(LEN(TRIM(B94))>0,LEN(TRIM(C94))>0),'Bang TH nop'!AV95,0),0) -> 0 | K94: =IFERROR(IF(AND(LEN(TRIM(B94))>0,LEN(TRIM(C94))>0),'Bang TH nop'!AR95,0),0) -> 0 | L94: =IFERROR(IF(AND(LEN(TRIM(B94))>0,LEN(TRIM(C94))>0),'Bang TH nop'!AS95,0),0) -> 0 | M94: =IFERROR(IF(AND(LEN(TRIM(B94))>0,LEN(TRIM(C94))>0),'Bang TH nop'!AT95,0),0) -> 0 | N94: =IFERROR(IF(AND(LEN(TRIM(B94))>0,LEN(TRIM(C94))>0),'Bang TH nop'!AU95,0),0) -> 0 | O94: =IFERROR(IF(AND(LEN(TRIM(B94))>0,LEN(TRIM(C94))>0),'Bang TH nop'!BE95,0),0) -> 0 | P94: =IFERROR(IF(AND(LEN(TRIM(B94))>0,LEN(TRIM(C94))>0),'Bang TH nop'!AZ95,0),0) -> 0 | AA94: =IFERROR( IF(AND(LEN(TRIM(B94))>0,LEN(TRIM(C94))>0), 'Bang TH nop'!AH95, 0 ), 0 ) -> A
D95: =IFERROR(IF(AND(LEN(TRIM(B94))>0,LEN(TRIM(C94))>0),'Bang TH nop'!AP95,""),"") -> 0 | F95: =IFERROR(IF(AND(LEN(TRIM(B94))>0,LEN(TRIM(C94))>0),'Bang TH nop'!AL95,0),0) -> 0 | G95: =D95*I94/26 -> 0 | H95: =D95*J94*150%/(26*8) -> 0 | K95: =IFERROR( IF(AND(LEN(TRIM(B94))>0,LEN(TRIM(C94))>0), ROUND(D95/26*K94,0), 0 ), 0 ) -> 0 | L95: =IFERROR( IF(AND(LEN(TRIM(B94))>0,LEN(TRIM(C94))>0), ROUND(D95/26*L94,0), 0 ), 0 ) -> 0 | M95: =IFERROR( IF(AND(LEN(TRIM(B94))>0,LEN(TRIM(C94))>0), ROUND(D95/26*M94,0), 0 ), 0 ) -> 0 | N95: =IFERROR( IF(AND(LEN(TRIM(B94))>0,LEN(TRIM(C94))>0), D95*N94/(26*8), 0 ), 0 ) -> 0 | O95: =IFERROR( IF(AND(LEN(TRIM(B94))>0,LEN(TRIM(C94))>0), D95*O94/(26*8), 0 ), 0 ) -> 0 | P95: =IFERROR( IF(AND(LEN(TRIM(B94))>0,LEN(TRIM(C94))>0), (D95/26/8*P94), 0 ), 0 ) -> 0 | Q95: =IFERROR( IF(AND(LEN(TRIM(B94))>0,LEN(TRIM(C94))>0), 'Bang TH nop'!BC95, 0 ), 0 ) -> 0 | R95: =IFERROR( IF(AND(LEN(TRIM(B94))>0,LEN(TRIM(C94))>0), 'Bang TH nop'!BD95, 0 ), 0 ) -> 0 | S95: =IFERROR( IF(AND(LEN(TRIM(B94))>0,LEN(TRIM(C94))>0), 'Bang TH nop'!BJ95, 0 ), 0 ) -> 0 | T95: =IFERROR( IF(AND(LEN(TRIM(B94))>0,LEN(TRIM(C94))>0), IFERROR('Bang TH nop'!AW95,0)+IFERROR('Bang TH nop'!BH95,0), 0 ), 0 ) -> 0 | X95: =+IF(G95-I95<0,0,G95-I95) -> 0 | Y95: =+IF(H95-J95<0,0, H95-J95) -> 0 | Z95: =IFERROR( IF(AND(LEN(TRIM(B94))>0,LEN(TRIM(C94))>0), (X95+Y95)*25%, 0 ), 0 ) -> 0 | AA95: =IFERROR( IF(AND(LEN(TRIM(B94))>0,LEN(TRIM(C94))>0), 'Bang TH nop'!BG95, 0 ), 0 ) -> 0 | AB95: =IFERROR( IF(AND(LEN(TRIM(B94))>0,LEN(TRIM(C94))>0), SUM(I95:W95)+IFERROR(Z95,0)+IFERROR(AA95,0), 0 ), 0 ) -> 0 | AC95: =IFERROR( IF(AND(LEN(TRIM(B94))>0,LEN(TRIM(C94))>0), IF((26-(IFERROR(I94,0)+IFERROR(K94,0)+IFERROR(L94,0)+IFERROR(M94,0)))>12,0,D95*10.5%), 0 ), 0 ) -> 0 | AD95: =IFERROR( IF(AND(LEN(TRIM(B94))>0,LEN(TRIM(C94))>0), ROUND(IF(D95=4939000,D95*0.5%,0),-2), 0 ), 0 ) -> 0 | AE95: =IFERROR( IF(AND(LEN(TRIM(B94))>0,LEN(TRIM(C94))>0), ROUND(IFERROR(AB95,0)-IFERROR(AC95,0)-IFERROR(AD95,0),-2), 0 ), 0 ) -> 0 | AF95: =IFERROR( IF(AND(LEN(TRIM(B94))>0,LEN(TRIM(C94))>0), IFERROR('Bang TH nop'!AQ95,0)+IFERROR('Bang TH nop'!AT95,0)+IFERROR('Bang TH nop'!BF95,0), 0 ), 0 ) -> 0 | AI95: =IFERROR( IF(AND(LEN(TRIM(B94))>0,LEN(TRIM(C94))>0), AH95/AG95, 0 ), 0 ) -> 0 | AJ95: =IFERROR( IF(AND(LEN(TRIM(B94))>0,LEN(TRIM(C94))>0), AL95/AF95, 0 ), 0 ) -> 0 | AK95: =IFERROR( IF(AND(LEN(TRIM(B94))>0,LEN(TRIM(C94))>0), AJ95/AI95, 0 ), 0 ) -> 0 | AL95: =IFERROR( IF(AND(LEN(TRIM(B94))>0,LEN(TRIM(C94))>0), AB95/L95, 0 ), 0 ) -> 0
A96: =A94+1 -> 45 | B96: ='Bang TH nop'!B97 -> 0 | C96: =IFERROR(IF(LEN(TRIM(B96))>0,'Bang TH nop'!C97,""),"") -> 0 | D96: =IFERROR(IF(AND(LEN(TRIM(B96))>0,LEN(TRIM(C96))>0),'Bang TH nop'!AO97,""),"") -> 0 | I96: =IFERROR(IF(AND(LEN(TRIM(B96))>0,LEN(TRIM(C96))>0),'Bang TH nop'!BB97,0),0) -> 0 | J96: =IFERROR(IF(AND(LEN(TRIM(B96))>0,LEN(TRIM(C96))>0),'Bang TH nop'!AV97,0),0) -> 0 | K96: =IFERROR(IF(AND(LEN(TRIM(B96))>0,LEN(TRIM(C96))>0),'Bang TH nop'!AR97,0),0) -> 0 | L96: =IFERROR(IF(AND(LEN(TRIM(B96))>0,LEN(TRIM(C96))>0),'Bang TH nop'!AS97,0),0) -> 0 | M96: =IFERROR(IF(AND(LEN(TRIM(B96))>0,LEN(TRIM(C96))>0),'Bang TH nop'!AT97,0),0) -> 0 | N96: =IFERROR(IF(AND(LEN(TRIM(B96))>0,LEN(TRIM(C96))>0),'Bang TH nop'!AU97,0),0) -> 0 | O96: =IFERROR(IF(AND(LEN(TRIM(B96))>0,LEN(TRIM(C96))>0),'Bang TH nop'!BE97,0),0) -> 0 | P96: =IFERROR(IF(AND(LEN(TRIM(B96))>0,LEN(TRIM(C96))>0),'Bang TH nop'!AZ97,0),0) -> 0 | AA96: =IFERROR( IF(AND(LEN(TRIM(B96))>0,LEN(TRIM(C96))>0), 'Bang TH nop'!AH97, 0 ), 0 ) -> A
D97: =IFERROR(IF(AND(LEN(TRIM(B96))>0,LEN(TRIM(C96))>0),'Bang TH nop'!AP97,""),"") -> 0 | F97: =IFERROR(IF(AND(LEN(TRIM(B96))>0,LEN(TRIM(C96))>0),'Bang TH nop'!AL97,0),0) -> 0 | G97: =D97*I96/26 -> 0 | H97: =D97*J96*150%/(26*8) -> 0 | K97: =IFERROR( IF(AND(LEN(TRIM(B96))>0,LEN(TRIM(C96))>0), ROUND(D97/26*K96,0), 0 ), 0 ) -> 0 | L97: =IFERROR( IF(AND(LEN(TRIM(B96))>0,LEN(TRIM(C96))>0), ROUND(D97/26*L96,0), 0 ), 0 ) -> 0 | M97: =IFERROR( IF(AND(LEN(TRIM(B96))>0,LEN(TRIM(C96))>0), ROUND(D97/26*M96,0), 0 ), 0 ) -> 0 | N97: =IFERROR( IF(AND(LEN(TRIM(B96))>0,LEN(TRIM(C96))>0), D97*N96/(26*8), 0 ), 0 ) -> 0 | O97: =IFERROR( IF(AND(LEN(TRIM(B96))>0,LEN(TRIM(C96))>0), D97*O96/(26*8), 0 ), 0 ) -> 0 | P97: =IFERROR( IF(AND(LEN(TRIM(B96))>0,LEN(TRIM(C96))>0), (D97/26/8*P96), 0 ), 0 ) -> 0 | Q97: =IFERROR( IF(AND(LEN(TRIM(B96))>0,LEN(TRIM(C96))>0), 'Bang TH nop'!BC97, 0 ), 0 ) -> 0 | R97: =IFERROR( IF(AND(LEN(TRIM(B96))>0,LEN(TRIM(C96))>0), 'Bang TH nop'!BD97, 0 ), 0 ) -> 0 | S97: =IFERROR( IF(AND(LEN(TRIM(B96))>0,LEN(TRIM(C96))>0), 'Bang TH nop'!BJ97, 0 ), 0 ) -> 0 | T97: =IFERROR( IF(AND(LEN(TRIM(B96))>0,LEN(TRIM(C96))>0), IFERROR('Bang TH nop'!AW97,0)+IFERROR('Bang TH nop'!BH97,0), 0 ), 0 ) -> 0 | X97: =+IF(G97-I97<0,0,G97-I97) -> 0 | Y97: =+IF(H97-J97<0,0, H97-J97) -> 0 | Z97: =IFERROR( IF(AND(LEN(TRIM(B96))>0,LEN(TRIM(C96))>0), (X97+Y97)*25%, 0 ), 0 ) -> 0 | AA97: =IFERROR( IF(AND(LEN(TRIM(B96))>0,LEN(TRIM(C96))>0), 'Bang TH nop'!BG97, 0 ), 0 ) -> 0 | AB97: =IFERROR( IF(AND(LEN(TRIM(B96))>0,LEN(TRIM(C96))>0), SUM(I97:W97)+IFERROR(Z97,0)+IFERROR(AA97,0), 0 ), 0 ) -> 0 | AC97: =IFERROR( IF(AND(LEN(TRIM(B96))>0,LEN(TRIM(C96))>0), IF((26-(IFERROR(I96,0)+IFERROR(K96,0)+IFERROR(L96,0)+IFERROR(M96,0)))>12,0,D97*10.5%), 0 ), 0 ) -> 0 | AD97: =IFERROR( IF(AND(LEN(TRIM(B96))>0,LEN(TRIM(C96))>0), ROUND(IF(D97=4939000,D97*0.5%,0),-2), 0 ), 0 ) -> 0 | AE97: =IFERROR( IF(AND(LEN(TRIM(B96))>0,LEN(TRIM(C96))>0), ROUND(IFERROR(AB97,0)-IFERROR(AC97,0)-IFERROR(AD97,0),-2), 0 ), 0 ) -> 0 | AF97: =IFERROR( IF(AND(LEN(TRIM(B96))>0,LEN(TRIM(C96))>0), IFERROR('Bang TH nop'!AQ97,0)+IFERROR('Bang TH nop'!AT97,0)+IFERROR('Bang TH nop'!BF97,0), 0 ), 0 ) -> 0 | AI97: =IFERROR( IF(AND(LEN(TRIM(B96))>0,LEN(TRIM(C96))>0), AH97/AG97, 0 ), 0 ) -> 0 | AJ97: =IFERROR( IF(AND(LEN(TRIM(B96))>0,LEN(TRIM(C96))>0), AL97/AF97, 0 ), 0 ) -> 0 | AK97: =IFERROR( IF(AND(LEN(TRIM(B96))>0,LEN(TRIM(C96))>0), AJ97/AI97, 0 ), 0 ) -> 0 | AL97: =IFERROR( IF(AND(LEN(TRIM(B96))>0,LEN(TRIM(C96))>0), AB97/L97, 0 ), 0 ) -> 0
A98: =A96+1 -> 46 | B98: ='Bang TH nop'!B99 -> 0 | C98: =IFERROR(IF(LEN(TRIM(B98))>0,'Bang TH nop'!C99,""),"") -> 0 | D98: =IFERROR(IF(AND(LEN(TRIM(B98))>0,LEN(TRIM(C98))>0),'Bang TH nop'!AO99,""),"") -> 0 | I98: =IFERROR(IF(AND(LEN(TRIM(B98))>0,LEN(TRIM(C98))>0),'Bang TH nop'!BB99,0),0) -> 0 | J98: =IFERROR(IF(AND(LEN(TRIM(B98))>0,LEN(TRIM(C98))>0),'Bang TH nop'!AV99,0),0) -> 0 | K98: =IFERROR(IF(AND(LEN(TRIM(B98))>0,LEN(TRIM(C98))>0),'Bang TH nop'!AR99,0),0) -> 0 | L98: =IFERROR(IF(AND(LEN(TRIM(B98))>0,LEN(TRIM(C98))>0),'Bang TH nop'!AS99,0),0) -> 0 | M98: =IFERROR(IF(AND(LEN(TRIM(B98))>0,LEN(TRIM(C98))>0),'Bang TH nop'!AT99,0),0) -> 0 | N98: =IFERROR(IF(AND(LEN(TRIM(B98))>0,LEN(TRIM(C98))>0),'Bang TH nop'!AU99,0),0) -> 0 | O98: =IFERROR(IF(AND(LEN(TRIM(B98))>0,LEN(TRIM(C98))>0),'Bang TH nop'!BE99,0),0) -> 0 | P98: =IFERROR(IF(AND(LEN(TRIM(B98))>0,LEN(TRIM(C98))>0),'Bang TH nop'!AZ99,0),0) -> 0 | AA98: =IFERROR( IF(AND(LEN(TRIM(B98))>0,LEN(TRIM(C98))>0), 'Bang TH nop'!AH99, 0 ), 0 ) -> A
